query6: Se desea un listado de todas las parejas de productos que aparezcan en más de un carro de la compra
 producto_1 | producto_2 | numero_carros 
------------+------------+---------------
 S18_3232   | S18_3232   |            53
 S18_4668   | S18_4668   |            28
 S10_1678   | S10_1678   |            28
 S10_4962   | S10_4962   |            28
 S32_2509   | S32_2509   |            28
 S18_2795   | S18_2795   |            28
 S18_2238   | S18_2238   |            28
 S32_3522   | S32_3522   |            28
 S50_1392   | S50_1392   |            28
 S10_2016   | S10_2016   |            28
 S24_1578   | S24_1578   |            28
 S700_4002  | S700_4002  |            28
 S50_1341   | S700_1691  |            28
 S18_3856   | S18_3856   |            28
 S24_3816   | S24_3816   |            28
 S24_4258   | S24_4258   |            28
 S700_2824  | S700_2824  |            28
 S24_2000   | S24_2000   |            28
 S18_1662   | S18_1662   |            28
 S18_2581   | S18_2581   |            28
 S700_1691  | S50_1341   |            28
 S700_2466  | S700_2466  |            28
 S18_2949   | S18_2949   |            28
 S72_1253   | S72_1253   |            28
 S12_2823   | S12_2823   |            28
 S24_3420   | S24_3420   |            28
 S700_2047  | S700_2047  |            28
 S24_1785   | S24_1785   |            28
 S18_3029   | S18_3029   |            28
 S10_4757   | S10_4757   |            28
 S24_4278   | S24_4278   |            28
 S10_1949   | S10_1949   |            28
 S18_2625   | S18_2625   |            28
 S24_2841   | S24_2841   |            28
 S24_2300   | S24_2300   |            28
 S24_2022   | S24_2022   |            28
 S32_1268   | S32_1268   |            28
 S18_2325   | S18_2325   |            28
 S18_1097   | S18_1097   |            28
 S18_1367   | S18_1367   |            28
 S18_3136   | S18_3136   |            28
 S18_2432   | S18_2432   |            28
 S18_4600   | S18_4600   |            28
 S700_3167  | S700_3167  |            28
 S50_1341   | S50_1341   |            28
 S12_4473   | S12_4473   |            28
 S18_2319   | S18_2319   |            28
 S18_2957   | S18_2957   |            28
 S18_1342   | S18_1342   |            28
 S32_1374   | S32_1374   |            28
 S12_1666   | S12_1666   |            28
 S18_3320   | S18_3320   |            28
 S24_3949   | S24_3949   |            28
 S700_1691  | S700_1691  |            28
 S32_4289   | S32_4289   |            28
 S24_2840   | S24_2840   |            28
 S24_1937   | S24_1937   |            28
 S700_2834  | S700_2834  |            28
 S10_4698   | S10_4698   |            28
 S24_1444   | S24_1444   |            28
 S50_1514   | S50_1514   |            27
 S18_2319   | S18_3232   |            27
 S18_4721   | S18_4721   |            27
 S12_1108   | S12_1108   |            27
 S18_3782   | S18_3782   |            27
 S24_2841   | S24_3420   |            27
 S50_4713   | S50_4713   |            27
 S700_1938  | S700_1938  |            27
 S72_3212   | S72_3212   |            27
 S24_3856   | S24_3856   |            27
 S24_3371   | S24_3371   |            27
 S700_2610  | S700_2610  |            27
 S700_3505  | S700_3505  |            27
 S18_3140   | S18_3140   |            27
 S24_2972   | S24_2972   |            27
 S18_3278   | S18_3278   |            27
 S32_4485   | S32_4485   |            27
 S18_3259   | S18_3259   |            27
 S24_3420   | S24_2841   |            27
 S12_3990   | S12_3990   |            27
 S12_1099   | S12_1099   |            27
 S18_3136   | S18_2957   |            27
 S32_2206   | S32_2206   |            27
 S12_3148   | S12_3148   |            27
 S24_3151   | S24_3151   |            27
 S72_1253   | S700_2047  |            27
 S12_3380   | S12_3380   |            27
 S700_1138  | S700_1138  |            27
 S18_1129   | S18_1129   |            27
 S24_2011   | S24_2011   |            27
 S700_2047  | S72_1253   |            27
 S24_4048   | S24_4048   |            27
 S12_4675   | S12_4675   |            27
 S24_3949   | S700_4002  |            27
 S12_3891   | S12_3891   |            27
 S18_2957   | S18_3136   |            27
 S700_3962  | S700_3962  |            27
 S18_3482   | S18_3482   |            27
 S18_4027   | S18_4027   |            27
 S24_4620   | S24_4620   |            27
 S18_1889   | S18_1889   |            27
 S700_4002  | S24_3949   |            27
 S18_1984   | S18_1984   |            27
 S32_3207   | S32_3207   |            27
 S18_3232   | S18_2319   |            27
 S18_4522   | S18_4522   |            27
 S24_2360   | S24_2360   |            27
 S10_2016   | S18_2625   |            26
 S18_2625   | S10_2016   |            26
 S700_3962  | S72_3212   |            26
 S24_1937   | S18_2325   |            26
 S12_3990   | S12_1099   |            26
 S18_2325   | S24_1937   |            26
 S12_1099   | S12_3990   |            26
 S32_4485   | S50_4713   |            26
 S72_3212   | S700_3962  |            26
 S50_4713   | S32_4485   |            26
 S24_3151   | S700_1138  |            25
 S18_1589   | S18_1589   |            25
 S24_1046   | S24_1046   |            25
 S10_4698   | S24_1578   |            25
 S18_2248   | S18_2248   |            25
 S24_3420   | S700_2047  |            25
 S72_3212   | S700_3505  |            25
 S18_1367   | S18_1342   |            25
 S32_3522   | S18_4668   |            25
 S24_1785   | S18_2581   |            25
 S18_2581   | S24_1785   |            25
 S18_4409   | S18_4409   |            25
 S18_3140   | S18_3259   |            25
 S12_4675   | S18_1889   |            25
 S700_2047  | S24_3420   |            25
 S24_3969   | S24_3969   |            25
 S18_1129   | S18_1984   |            25
 S24_2360   | S32_4485   |            25
 S24_2840   | S32_2509   |            25
 S18_1097   | S10_1949   |            25
 S24_1628   | S24_1628   |            25
 S700_1138  | S24_3151   |            25
 S700_2824  | S32_3522   |            25
 S18_2238   | S12_4473   |            25
 S700_4002  | S700_2466  |            25
 S18_4668   | S32_3522   |            25
 S700_3505  | S72_3212   |            25
 S24_1578   | S10_4698   |            25
 S32_2509   | S24_2840   |            25
 S18_2870   | S18_2870   |            25
 S24_3191   | S24_3191   |            25
 S18_3685   | S18_3685   |            25
 S24_2766   | S24_2766   |            25
 S18_1749   | S18_1749   |            25
 S24_3191   | S24_2766   |            25
 S24_3432   | S24_3432   |            25
 S24_2766   | S24_3191   |            25
 S18_4600   | S10_4962   |            25
 S10_1949   | S18_1097   |            25
 S700_3505  | S700_3962  |            25
 S18_1889   | S12_4675   |            25
 S18_1342   | S18_1367   |            25
 S18_1984   | S18_1129   |            25
 S10_4962   | S18_4600   |            25
 S32_4485   | S24_2360   |            25
 S700_2466  | S700_4002  |            25
 S12_4473   | S18_2238   |            25
 S18_3259   | S18_3140   |            25
 S32_3522   | S700_2824  |            25
 S700_3962  | S700_3505  |            25
 S18_1097   | S12_1666   |            24
 S24_2841   | S700_2047  |            24
 S10_4698   | S10_2016   |            24
 S24_1444   | S18_2238   |            24
 S24_2887   | S24_2887   |            24
 S12_1666   | S18_1097   |            24
 S24_3856   | S24_2972   |            24
 S24_2972   | S24_3856   |            24
 S24_2840   | S18_3232   |            24
 S18_2795   | S24_2022   |            24
 S18_2238   | S24_1444   |            24
 S24_4278   | S32_4289   |            24
 S24_3420   | S72_1253   |            24
 S50_4713   | S24_2360   |            24
 S18_2625   | S10_4698   |            24
 S18_2949   | S18_3136   |            24
 S12_4473   | S24_2840   |            24
 S24_2840   | S12_4473   |            24
 S700_1691  | S32_4289   |            24
 S18_4933   | S18_4933   |            24
 S24_4048   | S24_1444   |            24
 S32_4289   | S50_1341   |            24
 S700_3167  | S50_1341   |            24
 S32_4289   | S700_1691  |            24
 S18_3232   | S24_2840   |            24
 S18_3278   | S18_3482   |            24
 S32_4289   | S24_4278   |            24
 S24_4278   | S700_2834  |            24
 S18_4522   | S24_2011   |            24
 S24_2022   | S18_2795   |            24
 S18_3136   | S18_2949   |            24
 S12_1108   | S12_3891   |            24
 S700_2466  | S24_3949   |            24
 S24_2011   | S18_4522   |            24
 S50_1341   | S700_3167  |            24
 S24_3949   | S700_2466  |            24
 S24_2360   | S50_4713   |            24
 S18_4721   | S24_4620   |            24
 S10_4698   | S18_2625   |            24
 S700_3167  | S700_1691  |            24
 S72_1253   | S24_3420   |            24
 S12_3891   | S12_1108   |            24
 S50_1341   | S32_4289   |            24
 S18_3482   | S18_3278   |            24
 S18_3856   | S18_3029   |            24
 S700_2047  | S24_2841   |            24
 S24_1444   | S24_4048   |            24
 S24_4620   | S18_4721   |            24
 S18_3029   | S18_3856   |            24
 S700_1691  | S700_3167  |            24
 S10_2016   | S10_4698   |            24
 S700_2834  | S24_4278   |            24
 S32_2509   | S18_3232   |            23
 S24_2766   | S24_3432   |            23
 S700_2047  | S18_3856   |            23
 S24_4048   | S50_1392   |            23
 S12_3380   | S12_1099   |            23
 S24_3191   | S24_3432   |            23
 S18_3856   | S24_2841   |            23
 S18_1749   | S18_2248   |            23
 S24_4278   | S18_2581   |            23
 S18_2957   | S18_2949   |            23
 S24_3432   | S24_1046   |            23
 S24_1785   | S24_4278   |            23
 S18_3232   | S32_2509   |            23
 S24_2840   | S18_2319   |            23
 S50_1392   | S24_1444   |            23
 S18_2949   | S18_2957   |            23
 S18_3482   | S24_3371   |            23
 S24_1046   | S24_3432   |            23
 S24_2841   | S18_1662   |            23
 S32_1374   | S700_2834  |            23
 S24_4278   | S24_1785   |            23
 S24_2300   | S32_1268   |            23
 S12_3380   | S12_3990   |            23
 S72_1253   | S24_2841   |            23
 S18_2581   | S24_4278   |            23
 S700_2834  | S32_4289   |            23
 S18_4721   | S18_3782   |            23
 S18_2319   | S24_2840   |            23
 S32_4289   | S700_2834  |            23
 S18_3856   | S700_2047  |            23
 S24_1444   | S50_1392   |            23
 S24_3432   | S24_3191   |            23
 S18_3140   | S700_1938  |            23
 S700_1938  | S18_3140   |            23
 S32_1268   | S24_2300   |            23
 S18_3782   | S18_4721   |            23
 S24_2841   | S18_3856   |            23
 S24_1578   | S18_2625   |            23
 S18_2625   | S24_1578   |            23
 S10_1678   | S24_1578   |            23
 S12_3990   | S12_3380   |            23
 S24_3432   | S24_2766   |            23
 S18_1662   | S24_2841   |            23
 S32_4289   | S24_1785   |            23
 S24_1785   | S32_4289   |            23
 S24_2841   | S72_1253   |            23
 S18_2248   | S18_1749   |            23
 S24_3371   | S18_3482   |            23
 S12_1099   | S12_3380   |            23
 S700_2834  | S32_1374   |            23
 S50_1392   | S24_4048   |            23
 S24_1578   | S10_1678   |            23
 S24_3151   | S700_2610  |            22
 S18_2238   | S50_1392   |            22
 S10_1949   | S18_2949   |            22
 S72_3212   | S24_2011   |            22
 S24_2887   | S24_3191   |            22
 S72_1253   | S18_3856   |            22
 S10_4698   | S10_1678   |            22
 S24_3816   | S18_3029   |            22
 S18_2949   | S10_1949   |            22
 S18_3856   | S72_1253   |            22
 S700_3167  | S700_2466  |            22
 S24_3191   | S24_2887   |            22
 S24_2887   | S24_2766   |            22
 S24_3856   | S18_1889   |            22
 S24_1937   | S24_2022   |            22
 S10_1678   | S12_2823   |            22
 S10_4962   | S18_2432   |            22
 S18_3029   | S24_3816   |            22
 S18_3685   | S18_2870   |            22
 S10_1678   | S10_4698   |            22
 S18_3856   | S24_3420   |            22
 S18_1889   | S24_3856   |            22
 S24_2022   | S24_1937   |            22
 S50_1392   | S18_2238   |            22
 S12_4473   | S18_2319   |            22
 S18_2319   | S12_4473   |            22
 S12_1099   | S24_3371   |            22
 S24_3420   | S18_1662   |            22
 S18_2870   | S18_3685   |            22
 S700_2824  | S18_4668   |            22
 S32_2509   | S18_2319   |            22
 S24_2300   | S18_2432   |            22
 S12_2823   | S10_1678   |            22
 S18_3259   | S700_1938  |            22
 S32_2206   | S32_4485   |            22
 S24_2011   | S72_3212   |            22
 S18_2319   | S32_2509   |            22
 S700_2466  | S700_3167  |            22
 S18_2432   | S10_4962   |            22
 S32_4485   | S32_2206   |            22
 S24_3371   | S12_1099   |            22
 S18_4668   | S700_2824  |            22
 S24_3420   | S18_3856   |            22
 S24_3371   | S12_3990   |            22
 S18_1662   | S24_3420   |            22
 S12_3990   | S24_3371   |            22
 S24_2766   | S24_2887   |            22
 S700_1938  | S18_3259   |            22
 S18_2432   | S24_2300   |            22
 S700_2610  | S24_3151   |            22
 S700_3505  | S700_1138  |            21
 S10_4757   | S24_3816   |            21
 S24_1628   | S18_1589   |            21
 S24_2011   | S700_3962  |            21
 S18_1589   | S24_1628   |            21
 S24_4258   | S18_3320   |            21
 S24_3191   | S24_1046   |            21
 S18_3232   | S24_2972   |            21
 S18_3320   | S24_4258   |            21
 S24_1444   | S24_2840   |            21
 S32_4289   | S700_3167  |            21
 S12_1666   | S10_1949   |            21
 S24_3371   | S18_3278   |            21
 S24_2000   | S18_2625   |            21
 S12_1108   | S12_3148   |            21
 S24_1046   | S24_3191   |            21
 S24_2887   | S18_4933   |            21
 S24_1578   | S10_2016   |            21
 S18_4522   | S18_3140   |            21
 S50_1341   | S24_4278   |            21
 S18_4409   | S18_4933   |            21
 S12_1666   | S32_3522   |            21
 S12_4473   | S24_1444   |            21
 S32_2206   | S24_2360   |            21
 S32_2206   | S18_3782   |            21
 S24_2766   | S24_1046   |            21
 S700_1691  | S24_4278   |            21
 S18_3259   | S18_4522   |            21
 S24_4278   | S50_1341   |            21
 S18_4668   | S12_1666   |            21
 S18_2625   | S24_2000   |            21
 S18_2870   | S18_1589   |            21
 S12_3148   | S12_1108   |            21
 S50_1341   | S700_2466  |            21
 S18_3782   | S32_2206   |            21
 S24_1444   | S12_4473   |            21
 S18_3232   | S12_4473   |            21
 S18_3140   | S18_4522   |            21
 S10_2016   | S24_1578   |            21
 S18_4933   | S24_2887   |            21
 S18_4721   | S18_3482   |            21
 S24_3816   | S10_4757   |            21
 S12_4675   | S12_3380   |            21
 S24_2360   | S32_2206   |            21
 S700_2610  | S700_3505  |            21
 S700_3505  | S700_2610  |            21
 S700_2610  | S700_1138  |            21
 S18_4027   | S50_1514   |            21
 S700_2466  | S700_1691  |            21
 S18_3482   | S18_4721   |            21
 S700_2466  | S50_1341   |            21
 S700_3167  | S32_4289   |            21
 S12_3148   | S12_3891   |            21
 S18_4522   | S18_3259   |            21
 S32_1268   | S18_4600   |            21
 S18_4933   | S18_4409   |            21
 S18_4668   | S18_1097   |            21
 S700_1691  | S700_2466  |            21
 S24_1046   | S24_2766   |            21
 S700_2834  | S18_2581   |            21
 S32_3522   | S12_1666   |            21
 S18_2238   | S24_2840   |            21
 S700_2824  | S32_1268   |            21
 S18_3278   | S24_3371   |            21
 S24_2840   | S18_2238   |            21
 S12_3891   | S12_3148   |            21
 S700_3962  | S24_2011   |            21
 S18_1097   | S18_4668   |            21
 S12_3380   | S12_4675   |            21
 S32_2509   | S12_4473   |            21
 S12_4473   | S32_2509   |            21
 S12_4473   | S18_3232   |            21
 S50_1514   | S18_4027   |            21
 S24_2840   | S24_1444   |            21
 S12_1666   | S18_4668   |            21
 S50_4713   | S32_2206   |            21
 S32_2206   | S50_4713   |            21
 S10_1949   | S12_1666   |            21
 S24_4278   | S700_1691  |            21
 S18_1589   | S18_2870   |            21
 S18_4600   | S32_1268   |            21
 S18_2581   | S700_2834  |            21
 S32_1268   | S700_2824  |            21
 S24_2972   | S18_3232   |            21
 S700_1138  | S700_3505  |            21
 S700_1138  | S700_2610  |            21
 S18_3685   | S18_1589   |            20
 S50_1514   | S12_3148   |            20
 S72_1253   | S18_3029   |            20
 S700_1138  | S72_3212   |            20
 S72_3212   | S18_4522   |            20
 S18_2795   | S18_1342   |            20
 S18_1749   | S18_4409   |            20
 S18_1342   | S18_2795   |            20
 S12_3148   | S50_1514   |            20
 S700_2047  | S18_3029   |            20
 S18_3320   | S18_2957   |            20
 S72_3212   | S700_1138  |            20
 S700_2610  | S700_3962  |            20
 S18_1589   | S18_3685   |            20
 S700_2610  | S72_3212   |            20
 S700_1938  | S18_4522   |            20
 S10_4962   | S12_1666   |            20
 S24_3151   | S24_2011   |            20
 S18_3029   | S700_2047  |            20
 S12_3990   | S18_3278   |            20
 S18_3278   | S24_4620   |            20
 S18_3320   | S18_3136   |            20
 S24_4278   | S700_3167  |            20
 S700_2834  | S50_1341   |            20
 S18_3232   | S18_1984   |            20
 S24_2887   | S24_3432   |            20
 S18_3278   | S18_4721   |            20
 S700_1691  | S700_2834  |            20
 S32_3207   | S24_4048   |            20
 S12_3148   | S18_4027   |            20
 S18_4409   | S18_1749   |            20
 S24_1785   | S50_1341   |            20
 S18_4522   | S72_3212   |            20
 S12_1099   | S18_3278   |            20
 S18_3856   | S18_1662   |            20
 S18_3482   | S24_4620   |            20
 S700_4002  | S700_3167  |            20
 S18_3232   | S18_1129   |            20
 S12_4675   | S24_3856   |            20
 S24_2022   | S18_2325   |            20
 S18_3136   | S18_3320   |            20
 S24_2000   | S10_2016   |            20
 S18_1662   | S18_3029   |            20
 S10_1678   | S10_2016   |            20
 S700_3167  | S700_4002  |            20
 S18_3782   | S24_2360   |            20
 S18_1984   | S18_3232   |            20
 S18_4721   | S18_3278   |            20
 S24_3856   | S12_4675   |            20
 S18_2248   | S18_4409   |            20
 S50_1514   | S12_3891   |            20
 S700_3505  | S24_2011   |            20
 S24_3432   | S24_2887   |            20
 S24_4048   | S32_3207   |            20
 S24_2000   | S32_1374   |            20
 S18_3278   | S12_3990   |            20
 S12_3380   | S18_1889   |            20
 S18_2238   | S24_4048   |            20
 S32_1374   | S24_4278   |            20
 S700_3962  | S700_1138  |            20
 S18_1889   | S12_3380   |            20
 S700_1691  | S24_1785   |            20
 S10_2016   | S10_1678   |            20
 S24_4258   | S18_2957   |            20
 S18_3029   | S18_1662   |            20
 S32_4289   | S18_2581   |            20
 S12_1666   | S10_4962   |            20
 S18_2581   | S32_4289   |            20
 S700_3167  | S24_1785   |            20
 S24_1785   | S700_1691  |            20
 S50_1514   | S12_1108   |            20
 S18_3782   | S24_4620   |            20
 S18_4522   | S700_1938  |            20
 S24_4278   | S32_1374   |            20
 S18_2957   | S18_3320   |            20
 S24_3949   | S700_3167  |            20
 S24_3969   | S18_2248   |            20
 S24_4620   | S18_3278   |            20
 S24_4620   | S18_3482   |            20
 S24_1785   | S700_2834  |            20
 S32_1374   | S24_2000   |            20
 S72_3212   | S700_2610  |            20
 S18_4027   | S12_3148   |            20
 S24_2360   | S18_3782   |            20
 S700_1138  | S700_3962  |            20
 S18_4409   | S18_2248   |            20
 S18_1662   | S18_3856   |            20
 S700_2834  | S700_1691  |            20
 S18_2957   | S24_4258   |            20
 S24_2011   | S700_3505  |            20
 S24_1785   | S700_3167  |            20
 S700_1138  | S24_2011   |            20
 S24_3151   | S700_3505  |            20
 S24_2011   | S700_1138  |            20
 S12_1108   | S50_1514   |            20
 S700_3962  | S700_2610  |            20
 S18_2248   | S24_3969   |            20
 S32_2206   | S24_4620   |            20
 S50_1341   | S700_2834  |            20
 S700_3167  | S24_3949   |            20
 S18_2248   | S18_2325   |            20
 S24_4620   | S32_2206   |            20
 S24_4048   | S18_2238   |            20
 S24_4620   | S18_3782   |            20
 S50_1341   | S24_1785   |            20
 S700_3505  | S24_3151   |            20
 S18_2325   | S18_2248   |            20
 S18_3278   | S12_1099   |            20
 S10_2016   | S24_2000   |            20
 S18_3029   | S72_1253   |            20
 S24_2011   | S24_3151   |            20
 S18_1129   | S18_3232   |            20
 S700_2834  | S24_1785   |            20
 S12_3891   | S50_1514   |            20
 S18_2325   | S24_2022   |            20
 S700_3167  | S24_4278   |            20
 S12_3990   | S18_3482   |            19
 S18_2795   | S18_1367   |            19
 S24_2766   | S18_4933   |            19
 S18_3232   | S24_1444   |            19
 S18_2319   | S24_2300   |            19
 S24_3151   | S700_3962  |            19
 S24_3949   | S18_1662   |            19
 S18_3029   | S10_4757   |            19
 S24_3151   | S72_3212   |            19
 S18_2795   | S18_2325   |            19
 S32_2509   | S50_1392   |            19
 S18_2248   | S24_1937   |            19
 S12_2823   | S24_1578   |            19
 S24_1578   | S12_2823   |            19
 S18_1662   | S700_2047  |            19
 S18_1097   | S18_2949   |            19
 S12_3380   | S24_3371   |            19
 S32_3207   | S18_4027   |            19
 S32_1268   | S10_4962   |            19
 S18_2325   | S18_2795   |            19
 S32_3522   | S32_1268   |            19
 S18_3029   | S24_2841   |            19
 S12_4473   | S50_1392   |            19
 S72_3212   | S24_3151   |            19
 S24_2300   | S18_2319   |            19
 S18_1662   | S24_3949   |            19
 S12_1099   | S18_3482   |            19
 S32_3207   | S50_1514   |            19
 S32_4289   | S700_2466  |            19
 S18_2581   | S32_1374   |            19
 S18_2870   | S24_1628   |            19
 S18_4600   | S32_3522   |            19
 S700_2824  | S18_4600   |            19
 S10_4962   | S32_1268   |            19
 S24_1628   | S18_2870   |            19
 S18_2319   | S18_2238   |            19
 S12_3990   | S12_4675   |            19
 S700_3962  | S24_3151   |            19
 S700_2047  | S18_1662   |            19
 S24_4620   | S24_3371   |            19
 S24_3816   | S18_3856   |            19
 S32_1374   | S18_2581   |            19
 S18_3856   | S24_3816   |            19
 S24_2022   | S18_1342   |            19
 S18_1749   | S18_2325   |            19
 S32_1268   | S32_3522   |            19
 S18_1662   | S72_1253   |            19
 S24_1937   | S18_2795   |            19
 S24_3420   | S24_3949   |            19
 S24_1046   | S18_4933   |            19
 S24_3371   | S12_3380   |            19
 S24_3969   | S18_2325   |            19
 S18_2795   | S24_1937   |            19
 S700_2466  | S32_4289   |            19
 S72_1253   | S18_1662   |            19
 S32_3522   | S18_4600   |            19
 S50_1392   | S32_2509   |            19
 S18_4933   | S24_3191   |            19
 S700_3962  | S18_4522   |            19
 S18_2325   | S24_3969   |            19
 S24_2011   | S18_3259   |            19
 S50_1392   | S12_4473   |            19
 S24_3191   | S18_4933   |            19
 S18_3482   | S12_1099   |            19
 S24_3949   | S24_3420   |            19
 S18_4600   | S700_2824  |            19
 S18_3482   | S12_3990   |            19
 S18_1367   | S18_2795   |            19
 S24_2972   | S18_1889   |            19
 S18_2238   | S18_2319   |            19
 S18_4522   | S700_3962  |            19
 S18_3136   | S24_4258   |            19
 S10_4757   | S18_3029   |            19
 S18_3232   | S24_3856   |            19
 S24_3856   | S18_3232   |            19
 S18_3259   | S24_2011   |            19
 S700_1938  | S24_2011   |            19
 S24_2011   | S700_1938  |            19
 S18_2325   | S18_1749   |            19
 S24_1444   | S18_3232   |            19
 S24_2841   | S18_3029   |            19
 S18_4027   | S32_3207   |            19
 S24_3371   | S24_4620   |            19
 S24_4258   | S18_3136   |            19
 S18_4933   | S24_2766   |            19
 S24_1937   | S18_2248   |            19
 S18_4933   | S24_1046   |            19
 S18_2432   | S18_4600   |            19
 S50_1514   | S32_3207   |            19
 S18_1342   | S24_2022   |            19
 S18_1889   | S24_2972   |            19
 S18_2949   | S18_1097   |            19
 S12_4675   | S12_3990   |            19
 S18_4600   | S18_2432   |            19
 S32_2509   | S24_1444   |            18
 S10_1949   | S18_4668   |            18
 S24_2887   | S18_4409   |            18
 S24_2300   | S18_3232   |            18
 S24_3816   | S700_2047  |            18
 S24_2840   | S50_1392   |            18
 S24_1444   | S18_2319   |            18
 S24_2972   | S18_1129   |            18
 S18_3685   | S18_1984   |            18
 S18_1367   | S24_2022   |            18
 S32_4485   | S18_3782   |            18
 S32_3207   | S50_1392   |            18
 S32_2509   | S18_2238   |            18
 S12_1099   | S12_4675   |            18
 S24_3420   | S700_4002  |            18
 S18_1889   | S18_3232   |            18
 S18_3140   | S24_2011   |            18
 S24_3949   | S700_1691  |            18
 S24_3371   | S18_4721   |            18
 S24_3969   | S18_1749   |            18
 S18_4668   | S10_1949   |            18
 S700_2466  | S24_4278   |            18
 S18_2949   | S24_4258   |            18
 S12_4473   | S24_2300   |            18
 S72_1253   | S24_3816   |            18
 S24_1937   | S18_1749   |            18
 S12_4675   | S12_1099   |            18
 S50_1341   | S700_4002  |            18
 S50_1392   | S32_3207   |            18
 S700_2047  | S24_3816   |            18
 S700_1938  | S72_3212   |            18
 S18_1749   | S24_3969   |            18
 S32_2509   | S24_4048   |            18
 S24_1628   | S24_1046   |            18
 S24_3420   | S18_3029   |            18
 S18_4409   | S18_2325   |            18
 S24_2022   | S18_1367   |            18
 S18_2625   | S10_1678   |            18
 S18_3782   | S32_4485   |            18
 S24_2841   | S24_3949   |            18
 S18_3136   | S10_1949   |            18
 S700_1691  | S24_3949   |            18
 S18_3232   | S18_1889   |            18
 S24_1628   | S18_3685   |            18
 S24_2300   | S18_4600   |            18
 S18_4600   | S24_2300   |            18
 S24_1046   | S24_2887   |            18
 S18_4522   | S700_3505  |            18
 S700_4002  | S700_1691  |            18
 S18_3232   | S18_2238   |            18
 S32_1374   | S32_4289   |            18
 S10_1678   | S18_2625   |            18
 S18_2319   | S24_1444   |            18
 S18_1889   | S12_3990   |            18
 S10_4698   | S12_2823   |            18
 S700_1691  | S700_4002  |            18
 S12_2823   | S10_4698   |            18
 S24_1444   | S32_2509   |            18
 S18_3685   | S24_1628   |            18
 S10_4698   | S24_2000   |            18
 S12_1666   | S700_2824  |            18
 S12_3990   | S18_1889   |            18
 S10_1949   | S18_3136   |            18
 S18_2949   | S18_3320   |            18
 S18_2238   | S18_3232   |            18
 S50_1392   | S24_2840   |            18
 S18_3232   | S24_2300   |            18
 S18_3029   | S24_3420   |            18
 S24_1046   | S24_1628   |            18
 S24_4048   | S32_2509   |            18
 S700_4002  | S24_3420   |            18
 S24_1937   | S24_3969   |            18
 S24_2887   | S24_1046   |            18
 S18_1749   | S24_1937   |            18
 S18_2238   | S32_2509   |            18
 S18_1662   | S700_4002  |            18
 S24_4258   | S18_2949   |            18
 S24_3371   | S24_3856   |            18
 S24_2011   | S18_3140   |            18
 S24_3949   | S50_1341   |            18
 S24_4278   | S700_2466  |            18
 S72_3212   | S700_1938  |            18
 S24_3949   | S24_2841   |            18
 S24_2300   | S12_4473   |            18
 S18_4721   | S32_2206   |            18
 S18_2325   | S18_4409   |            18
 S32_4289   | S32_1374   |            18
 S24_3816   | S72_1253   |            18
 S18_4721   | S24_3371   |            18
 S24_3856   | S24_3371   |            18
 S700_3505  | S18_4522   |            18
 S18_1984   | S18_3685   |            18
 S700_1138  | S18_4522   |            18
 S32_3522   | S18_1097   |            18
 S700_4002  | S50_1341   |            18
 S700_4002  | S18_1662   |            18
 S18_1129   | S24_2972   |            18
 S700_2824  | S12_1666   |            18
 S50_1341   | S24_3949   |            18
 S18_4522   | S700_1138  |            18
 S32_2206   | S18_4721   |            18
 S24_2000   | S10_4698   |            18
 S18_3320   | S18_2949   |            18
 S18_4409   | S24_2887   |            18
 S24_3969   | S24_1937   |            18
 S18_1097   | S32_3522   |            18
 S18_2581   | S50_1341   |            17
 S700_3167  | S700_2834  |            17
 S18_2432   | S32_1268   |            17
 S700_1138  | S24_3816   |            17
 S18_4522   | S24_3151   |            17
 S10_4962   | S18_1097   |            17
 S32_1374   | S24_1785   |            17
 S24_1444   | S32_3207   |            17
 S18_1984   | S18_2870   |            17
 S18_3320   | S18_1367   |            17
 S24_1785   | S24_3949   |            17
 S24_2000   | S24_1578   |            17
 S18_3782   | S18_3482   |            17
 S24_2972   | S18_1984   |            17
 S18_4721   | S24_2360   |            17
 S24_2300   | S700_2824  |            17
 S700_1938  | S700_3962  |            17
 S18_3685   | S18_1129   |            17
 S700_4002  | S700_2047  |            17
 S18_1889   | S12_1099   |            17
 S700_2834  | S700_3167  |            17
 S24_1785   | S32_1374   |            17
 S24_2360   | S18_4721   |            17
 S18_4933   | S24_3432   |            17
 S24_1937   | S18_4409   |            17
 S18_2319   | S18_2432   |            17
 S24_2300   | S24_2840   |            17
 S18_1129   | S18_3685   |            17
 S12_3380   | S18_3278   |            17
 S700_2824  | S10_4962   |            17
 S18_3232   | S18_2432   |            17
 S24_3151   | S18_4522   |            17
 S18_3278   | S12_3380   |            17
 S700_3167  | S18_2581   |            17
 S18_2957   | S10_1949   |            17
 S18_2870   | S18_1984   |            17
 S18_1984   | S24_2972   |            17
 S700_3962  | S700_1938  |            17
 S18_4600   | S12_1666   |            17
 S32_3522   | S10_4962   |            17
 S24_1628   | S24_3432   |            17
 S18_1097   | S10_4962   |            17
 S24_3949   | S24_1785   |            17
 S24_3432   | S24_1628   |            17
 S18_4027   | S12_3891   |            17
 S18_2432   | S18_3232   |            17
 S24_2840   | S24_2300   |            17
 S18_2432   | S18_2319   |            17
 S18_2581   | S700_3167  |            17
 S18_2581   | S700_1691  |            17
 S700_1691  | S18_2581   |            17
 S10_1949   | S18_2957   |            17
 S24_3969   | S18_4409   |            17
 S700_2824  | S24_2300   |            17
 S12_4675   | S24_2972   |            17
 S12_1099   | S18_1889   |            17
 S700_2047  | S700_4002  |            17
 S24_2841   | S24_3816   |            17
 S10_4962   | S32_3522   |            17
 S12_3891   | S18_4027   |            17
 S32_3207   | S24_1444   |            17
 S24_2841   | S700_4002  |            17
 S10_4962   | S700_2824  |            17
 S18_4409   | S24_3969   |            17
 S12_1666   | S18_4600   |            17
 S18_1367   | S18_3320   |            17
 S50_4713   | S18_3782   |            17
 S24_4048   | S12_4473   |            17
 S18_3482   | S18_3782   |            17
 S50_1341   | S18_2581   |            17
 S18_3782   | S50_4713   |            17
 S32_1268   | S18_2432   |            17
 S24_2840   | S24_4048   |            17
 S18_4409   | S24_1937   |            17
 S24_2972   | S12_4675   |            17
 S24_1578   | S24_2000   |            17
 S24_3816   | S24_2841   |            17
 S24_1785   | S700_2466  |            17
 S700_2466  | S24_1785   |            17
 S24_4048   | S24_2840   |            17
 S700_4002  | S24_1785   |            17
 S24_3816   | S700_1138  |            17
 S700_4002  | S24_2841   |            17
 S24_1785   | S700_4002  |            17
 S12_4473   | S24_4048   |            17
 S24_3432   | S18_4933   |            17
 S18_4409   | S24_3191   |            16
 S12_2823   | S24_2360   |            16
 S700_3505  | S700_1938  |            16
 S12_2823   | S32_4485   |            16
 S18_4409   | S24_1046   |            16
 S700_4002  | S72_1253   |            16
 S24_2000   | S10_1678   |            16
 S18_4409   | S24_2766   |            16
 S12_3891   | S18_3140   |            16
 S10_1678   | S24_2000   |            16
 S24_3420   | S24_3816   |            16
 S24_3949   | S32_4289   |            16
 S24_2360   | S12_2823   |            16
 S18_2319   | S50_1392   |            16
 S24_3151   | S24_3816   |            16
 S24_3371   | S24_2972   |            16
 S18_4600   | S18_4668   |            16
 S24_2300   | S10_4962   |            16
 S24_2300   | S32_2509   |            16
 S12_1108   | S32_3207   |            16
 S50_4713   | S12_2823   |            16
 S12_3380   | S18_3482   |            16
 S18_1749   | S18_4933   |            16
 S24_1444   | S18_4027   |            16
 S32_4485   | S24_4620   |            16
 S18_3259   | S12_3891   |            16
 S18_1129   | S24_3856   |            16
 S24_3856   | S18_1129   |            16
 S10_4757   | S18_3856   |            16
 S12_2823   | S50_4713   |            16
 S24_3856   | S12_3380   |            16
 S24_3949   | S700_2047  |            16
 S24_1046   | S18_4409   |            16
 S32_1268   | S18_4668   |            16
 S24_4620   | S32_4485   |            16
 S18_2957   | S18_1367   |            16
 S700_2466  | S18_1662   |            16
 S50_1392   | S18_3232   |            16
 S18_1342   | S24_1937   |            16
 S24_4620   | S24_2360   |            16
 S32_3207   | S12_1108   |            16
 S32_2509   | S24_2300   |            16
 S18_3136   | S18_1367   |            16
 S24_3191   | S18_4409   |            16
 S18_3140   | S12_3891   |            16
 S700_4002  | S32_4289   |            16
 S18_1097   | S18_3136   |            16
 S18_1662   | S700_2466  |            16
 S12_3380   | S24_3856   |            16
 S18_4933   | S18_1749   |            16
 S24_2000   | S700_2834  |            16
 S700_1938  | S700_3505  |            16
 S24_2360   | S24_4620   |            16
 S18_4027   | S24_1444   |            16
 S700_2610  | S10_4757   |            16
 S18_1367   | S18_2957   |            16
 S24_3816   | S24_3151   |            16
 S18_3856   | S10_4757   |            16
 S18_3782   | S18_3278   |            16
 S24_1937   | S18_1342   |            16
 S12_3891   | S18_3259   |            16
 S700_2834  | S24_2000   |            16
 S24_3816   | S24_3420   |            16
 S10_4962   | S24_2300   |            16
 S18_3278   | S18_3782   |            16
 S10_4757   | S700_2610  |            16
 S18_4933   | S18_2248   |            16
 S18_3136   | S18_1097   |            16
 S32_4289   | S24_3949   |            16
 S24_3816   | S700_2610  |            16
 S72_1253   | S700_4002  |            16
 S18_3482   | S12_3380   |            16
 S24_2766   | S18_4409   |            16
 S18_4668   | S32_1268   |            16
 S18_3232   | S50_1392   |            16
 S18_3232   | S12_4675   |            16
 S18_4668   | S18_4600   |            16
 S18_2248   | S18_4933   |            16
 S700_2610  | S24_3816   |            16
 S32_4485   | S12_2823   |            16
 S700_2047  | S24_3949   |            16
 S50_1392   | S18_2319   |            16
 S12_4675   | S18_3232   |            16
 S24_2972   | S24_3371   |            16
 S18_1367   | S18_3136   |            16
 S32_4289   | S700_4002  |            16
 S24_1628   | S24_3191   |            15
 S700_1691  | S32_1374   |            15
 S12_3148   | S32_3207   |            15
 S32_4485   | S18_4721   |            15
 S18_4721   | S32_4485   |            15
 S12_1666   | S18_2949   |            15
 S32_1374   | S50_1341   |            15
 S12_1108   | S18_4027   |            15
 S24_3949   | S72_1253   |            15
 S72_3212   | S18_3140   |            15
 S24_2300   | S32_3522   |            15
 S18_3259   | S72_3212   |            15
 S24_1628   | S24_2766   |            15
 S24_2300   | S18_2238   |            15
 S700_2610  | S18_3029   |            15
 S24_2022   | S24_3969   |            15
 S18_3232   | S24_4048   |            15
 S18_3140   | S72_3212   |            15
 S18_1342   | S18_3320   |            15
 S24_2011   | S700_2610  |            15
 S24_3856   | S18_1984   |            15
 S18_4027   | S12_1108   |            15
 S24_4620   | S12_1099   |            15
 S18_1097   | S18_2957   |            15
 S50_4713   | S24_4620   |            15
 S700_2466  | S700_2834  |            15
 S18_1367   | S24_1937   |            15
 S32_3207   | S12_3891   |            15
 S700_2047  | S10_4757   |            15
 S24_2766   | S24_1628   |            15
 S10_4757   | S24_3151   |            15
 S72_1253   | S24_3949   |            15
 S24_3420   | S700_2466  |            15
 S18_4933   | S18_2325   |            15
 S700_2824  | S18_1097   |            15
 S24_3816   | S18_1662   |            15
 S18_3029   | S700_2610  |            15
 S700_4002  | S24_4278   |            15
 S10_4757   | S72_1253   |            15
 S24_2022   | S18_2248   |            15
 S12_3891   | S32_3207   |            15
 S72_1253   | S10_4757   |            15
 S24_4620   | S50_4713   |            15
 S18_4027   | S24_4048   |            15
 S50_1341   | S32_1374   |            15
 S18_2432   | S32_2509   |            15
 S24_3371   | S18_1889   |            15
 S32_3522   | S10_1949   |            15
 S24_3191   | S24_1628   |            15
 S18_1984   | S24_3856   |            15
 S24_3949   | S24_4278   |            15
 S18_3320   | S18_1342   |            15
 S700_2466  | S24_3420   |            15
 S24_1937   | S18_1367   |            15
 S18_1889   | S24_3371   |            15
 S32_3522   | S24_2300   |            15
 S18_2957   | S18_1097   |            15
 S32_1374   | S700_1691  |            15
 S24_4620   | S12_3990   |            15
 S18_2949   | S12_1666   |            15
 S18_1129   | S18_2870   |            15
 S18_2248   | S24_2022   |            15
 S24_3151   | S10_4757   |            15
 S700_2834  | S700_2466  |            15
 S24_4278   | S700_4002  |            15
 S18_2870   | S18_1129   |            15
 S24_1046   | S18_1589   |            15
 S10_1949   | S32_3522   |            15
 S18_2325   | S18_4933   |            15
 S12_3990   | S24_4620   |            15
 S700_2610  | S24_2011   |            15
 S24_4048   | S18_3232   |            15
 S18_1097   | S700_2824  |            15
 S32_2509   | S18_2432   |            15
 S72_3212   | S18_3259   |            15
 S18_2238   | S24_2300   |            15
 S10_4757   | S700_2047  |            15
 S24_4278   | S24_3949   |            15
 S12_1099   | S24_4620   |            15
 S32_3207   | S12_3148   |            15
 S24_4048   | S18_4027   |            15
 S10_1949   | S10_4962   |            15
 S10_4962   | S10_1949   |            15
 S24_3969   | S24_2022   |            15
 S18_1589   | S24_1046   |            15
 S18_1662   | S24_3816   |            15
 S700_3962  | S18_3140   |            14
 S18_3259   | S12_1108   |            14
 S18_4721   | S12_3990   |            14
 S24_4048   | S18_2319   |            14
 S18_1889   | S18_1129   |            14
 S12_2823   | S18_2625   |            14
 S18_2581   | S700_4002  |            14
 S50_1514   | S18_3259   |            14
 S18_4409   | S24_3432   |            14
 S12_1099   | S18_4721   |            14
 S12_2823   | S10_2016   |            14
 S18_2432   | S12_1666   |            14
 S18_1342   | S18_2325   |            14
 S12_3148   | S18_3259   |            14
 S32_1374   | S18_2625   |            14
 S24_3432   | S18_1589   |            14
 S18_1589   | S18_1984   |            14
 S700_1138  | S10_4757   |            14
 S18_2581   | S24_3949   |            14
 S18_3856   | S24_3949   |            14
 S50_1514   | S50_1392   |            14
 S18_3259   | S50_1514   |            14
 S24_3856   | S18_3482   |            14
 S700_2824  | S10_1949   |            14
 S18_2325   | S18_1342   |            14
 S18_1889   | S18_3278   |            14
 S32_1374   | S10_4698   |            14
 S18_2319   | S32_1268   |            14
 S12_4473   | S32_1268   |            14
 S10_2016   | S32_1374   |            14
 S18_4933   | S24_1937   |            14
 S18_4721   | S50_4713   |            14
 S24_3969   | S24_2887   |            14
 S18_1984   | S18_1589   |            14
 S18_2319   | S24_4048   |            14
 S18_2949   | S18_1367   |            14
 S12_1666   | S18_2432   |            14
 S18_3140   | S700_3962  |            14
 S700_3962  | S18_3259   |            14
 S700_2466  | S24_2841   |            14
 S24_2022   | S18_1749   |            14
 S24_2841   | S700_2466  |            14
 S18_1589   | S24_3432   |            14
 S12_1108   | S18_3259   |            14
 S10_4757   | S700_3505  |            14
 S12_4675   | S24_3371   |            14
 S24_3949   | S18_2581   |            14
 S24_2840   | S18_2432   |            14
 S50_1392   | S50_1514   |            14
 S24_2887   | S24_3969   |            14
 S700_2466  | S18_2581   |            14
 S700_3505  | S10_4757   |            14
 S24_3371   | S12_4675   |            14
 S24_1937   | S18_4933   |            14
 S700_2466  | S700_2047  |            14
 S18_3278   | S18_1889   |            14
 S18_3232   | S18_2870   |            14
 S18_3482   | S24_3856   |            14
 S18_2581   | S700_2466  |            14
 S32_1268   | S24_2840   |            14
 S24_3432   | S18_4409   |            14
 S18_2870   | S18_3232   |            14
 S700_4002  | S18_2581   |            14
 S10_4962   | S18_4668   |            14
 S24_3949   | S18_3856   |            14
 S32_1268   | S12_4473   |            14
 S10_4698   | S32_1374   |            14
 S18_2625   | S12_2823   |            14
 S18_2432   | S24_2840   |            14
 S18_2625   | S32_1374   |            14
 S50_1514   | S18_3140   |            14
 S18_1097   | S18_4600   |            14
 S18_3782   | S24_3371   |            14
 S18_3140   | S12_1108   |            14
 S12_3990   | S18_4721   |            14
 S32_1374   | S10_2016   |            14
 S700_1138  | S18_3259   |            14
 S18_3259   | S700_3962  |            14
 S32_1268   | S18_2319   |            14
 S18_4668   | S10_4962   |            14
 S18_3140   | S50_1514   |            14
 S18_3259   | S700_1138  |            14
 S18_1367   | S18_2949   |            14
 S10_1949   | S700_2824  |            14
 S18_4600   | S18_1097   |            14
 S18_3259   | S12_3148   |            14
 S18_4721   | S12_1099   |            14
 S50_4713   | S18_4721   |            14
 S700_2047  | S700_2466  |            14
 S12_1108   | S18_3140   |            14
 S10_2016   | S12_2823   |            14
 S24_2840   | S32_1268   |            14
 S18_1749   | S24_2022   |            14
 S18_1129   | S18_1889   |            14
 S24_3371   | S18_3782   |            14
 S10_4757   | S700_1138  |            14
 S32_3207   | S18_2238   |            13
 S18_1367   | S18_2325   |            13
 S18_3856   | S700_4002  |            13
 S12_3891   | S700_1938  |            13
 S18_3259   | S700_3505  |            13
 S18_2238   | S32_3207   |            13
 S24_4258   | S18_1367   |            13
 S18_1749   | S24_2887   |            13
 S18_2957   | S18_1342   |            13
 S700_1138  | S18_3140   |            13
 S10_4757   | S72_3212   |            13
 S700_1938  | S50_1514   |            13
 S24_2972   | S12_3380   |            13
 S18_1342   | S18_2957   |            13
 S18_1589   | S18_1129   |            13
 S18_3140   | S12_3148   |            13
 S12_3148   | S18_3140   |            13
 S24_3969   | S24_3191   |            13
 S32_1268   | S18_3232   |            13
 S700_3505  | S18_3140   |            13
 S24_2887   | S18_2248   |            13
 S18_4668   | S24_4258   |            13
 S700_1938  | S12_3891   |            13
 S12_3380   | S24_2972   |            13
 S18_2248   | S24_1046   |            13
 S18_4522   | S700_2610  |            13
 S18_4933   | S24_3969   |            13
 S18_3278   | S24_3856   |            13
 S24_4048   | S50_1514   |            13
 S24_3856   | S12_1099   |            13
 S50_1514   | S700_1938  |            13
 S18_1342   | S18_3136   |            13
 S700_2610  | S18_4522   |            13
 S12_4675   | S18_3278   |            13
 S18_2795   | S18_2248   |            13
 S24_3969   | S18_2795   |            13
 S18_3140   | S700_1138  |            13
 S18_3259   | S24_3151   |            13
 S24_2887   | S18_1749   |            13
 S700_3167  | S32_1374   |            13
 S18_3232   | S18_3685   |            13
 S12_1099   | S24_3856   |            13
 S24_4258   | S18_4668   |            13
 S24_2972   | S18_3685   |            13
 S18_3232   | S32_1268   |            13
 S24_3856   | S18_3278   |            13
 S18_1889   | S18_1984   |            13
 S72_1253   | S700_2466  |            13
 S18_3482   | S32_2206   |            13
 S24_2841   | S10_4757   |            13
 S24_3191   | S24_3969   |            13
 S18_2325   | S18_1367   |            13
 S18_3140   | S700_3505  |            13
 S18_3136   | S18_1342   |            13
 S24_3969   | S18_4933   |            13
 S10_4757   | S24_2841   |            13
 S18_1984   | S18_1889   |            13
 S18_2795   | S18_3320   |            13
 S24_2766   | S24_3969   |            13
 S10_4757   | S700_3962  |            13
 S700_2834  | S10_2016   |            13
 S12_4473   | S18_2432   |            13
 S32_2206   | S18_3482   |            13
 S18_3320   | S18_2795   |            13
 S32_1374   | S700_3167  |            13
 S10_4757   | S24_3420   |            13
 S18_3685   | S18_3232   |            13
 S32_1268   | S32_2509   |            13
 S700_3962  | S10_4757   |            13
 S700_2466  | S72_1253   |            13
 S24_2000   | S24_4278   |            13
 S18_2432   | S12_4473   |            13
 S24_3420   | S10_4757   |            13
 S32_2206   | S18_3278   |            13
 S18_3278   | S12_4675   |            13
 S18_1129   | S18_1589   |            13
 S18_3278   | S32_2206   |            13
 S24_3856   | S12_3990   |            13
 S700_3505  | S18_3259   |            13
 S18_2248   | S18_2795   |            13
 S12_3990   | S24_3856   |            13
 S24_3969   | S24_2766   |            13
 S10_2016   | S700_2834  |            13
 S24_3151   | S18_3259   |            13
 S18_3685   | S24_2972   |            13
 S50_1514   | S24_4048   |            13
 S24_2022   | S18_4409   |            13
 S18_4409   | S24_2022   |            13
 S18_2795   | S24_3969   |            13
 S24_4278   | S24_2000   |            13
 S32_2509   | S32_1268   |            13
 S18_1367   | S24_4258   |            13
 S24_1046   | S18_2248   |            13
 S72_3212   | S10_4757   |            13
 S700_4002  | S18_3856   |            13
 S18_2248   | S24_2887   |            13
 S18_4668   | S24_2300   |            12
 S700_4002  | S18_3029   |            12
 S18_4600   | S18_2319   |            12
 S32_4485   | S10_1678   |            12
 S18_1589   | S24_2766   |            12
 S24_2766   | S18_1749   |            12
 S24_2011   | S24_3816   |            12
 S24_3151   | S18_3140   |            12
 S700_4002  | S700_2834  |            12
 S50_4713   | S10_1678   |            12
 S700_1138  | S700_1938  |            12
 S10_1678   | S32_4485   |            12
 S700_2834  | S700_4002  |            12
 S18_1662   | S10_4757   |            12
 S18_1749   | S24_2766   |            12
 S12_3148   | S18_2238   |            12
 S72_3212   | S18_3029   |            12
 S24_2972   | S18_3482   |            12
 S18_2870   | S24_1046   |            12
 S18_2319   | S18_4600   |            12
 S24_4620   | S24_3856   |            12
 S700_3962  | S24_3816   |            12
 S24_3151   | S700_1938  |            12
 S24_2887   | S18_2325   |            12
 S18_2248   | S24_3191   |            12
 S32_3207   | S32_2509   |            12
 S12_1666   | S32_1268   |            12
 S10_4757   | S18_1662   |            12
 S700_2834  | S24_3949   |            12
 S24_1046   | S18_2325   |            12
 S18_3029   | S72_3212   |            12
 S24_2972   | S18_2870   |            12
 S24_4620   | S12_3380   |            12
 S24_2887   | S24_1628   |            12
 S72_3212   | S24_3816   |            12
 S24_3191   | S18_1749   |            12
 S18_2949   | S18_4668   |            12
 S18_1342   | S24_3969   |            12
 S32_2206   | S24_3371   |            12
 S18_3029   | S24_3949   |            12
 S18_2325   | S24_1046   |            12
 S10_1949   | S18_3320   |            12
 S24_2360   | S18_3482   |            12
 S18_1749   | S24_3191   |            12
 S32_2206   | S12_2823   |            12
 S18_2248   | S24_2766   |            12
 S24_4258   | S10_1949   |            12
 S700_1938  | S700_1138  |            12
 S700_2834  | S10_4698   |            12
 S24_3949   | S18_3029   |            12
 S24_1444   | S24_2300   |            12
 S18_3136   | S12_1666   |            12
 S24_3949   | S700_2834  |            12
 S24_3816   | S700_3505  |            12
 S24_3969   | S24_3432   |            12
 S10_1949   | S18_4600   |            12
 S24_3432   | S24_3969   |            12
 S700_3505  | S24_3816   |            12
 S18_2870   | S24_3432   |            12
 S24_2766   | S18_2248   |            12
 S18_4600   | S10_1949   |            12
 S700_1938  | S24_3151   |            12
 S700_1938  | S12_3148   |            12
 S18_3029   | S700_3505  |            12
 S18_1749   | S18_2795   |            12
 S700_3962  | S18_3029   |            12
 S700_2610  | S700_1938  |            12
 S10_1678   | S24_2360   |            12
 S24_4258   | S18_1342   |            12
 S24_2300   | S24_1444   |            12
 S10_1678   | S32_1374   |            12
 S18_3482   | S24_2972   |            12
 S24_3816   | S24_2011   |            12
 S18_2325   | S24_2887   |            12
 S24_2000   | S18_2581   |            12
 S24_1046   | S18_1749   |            12
 S10_1949   | S24_4258   |            12
 S18_4027   | S18_2238   |            12
 S24_2360   | S10_1678   |            12
 S24_2972   | S18_1589   |            12
 S24_3816   | S700_3962  |            12
 S700_3505  | S18_3029   |            12
 S12_3380   | S24_4620   |            12
 S18_1589   | S24_2972   |            12
 S18_1129   | S12_4675   |            12
 S18_2238   | S18_4027   |            12
 S18_2581   | S24_2000   |            12
 S24_3432   | S18_2870   |            12
 S24_2766   | S18_1589   |            12
 S24_1578   | S32_1374   |            12
 S18_3320   | S10_1949   |            12
 S24_2011   | S10_4757   |            12
 S700_1938  | S12_1108   |            12
 S24_3191   | S18_2248   |            12
 S18_4668   | S18_2949   |            12
 S18_1662   | S700_3167  |            12
 S24_1628   | S18_4933   |            12
 S18_2870   | S24_2972   |            12
 S18_3029   | S700_3962  |            12
 S18_1342   | S24_4258   |            12
 S12_3148   | S700_1938  |            12
 S700_3167  | S18_1662   |            12
 S24_1046   | S18_2870   |            12
 S32_1374   | S24_1578   |            12
 S18_1749   | S24_1046   |            12
 S18_1889   | S18_3482   |            12
 S18_3482   | S18_1889   |            12
 S12_4675   | S18_1129   |            12
 S10_1678   | S50_4713   |            12
 S24_3969   | S18_1342   |            12
 S32_1374   | S10_1678   |            12
 S32_1268   | S12_1666   |            12
 S24_3856   | S24_4620   |            12
 S18_3140   | S24_3151   |            12
 S12_1108   | S700_1938  |            12
 S24_1628   | S24_2887   |            12
 S32_2509   | S32_3207   |            12
 S18_1589   | S24_3191   |            12
 S18_2795   | S18_1749   |            12
 S24_3816   | S72_3212   |            12
 S18_3482   | S24_2360   |            12
 S18_2238   | S12_3148   |            12
 S10_4698   | S700_2834  |            12
 S24_3371   | S32_2206   |            12
 S24_3191   | S18_1589   |            12
 S18_3029   | S700_4002  |            12
 S12_1666   | S18_3136   |            12
 S18_4933   | S24_1628   |            12
 S12_2823   | S32_2206   |            12
 S24_2300   | S18_4668   |            12
 S700_1938  | S700_2610  |            12
 S10_4757   | S24_2011   |            12
 S24_1937   | S24_2887   |            11
 S50_1392   | S24_2300   |            11
 S32_1374   | S700_2466  |            11
 S18_2319   | S10_4962   |            11
 S700_2466  | S32_1374   |            11
 S700_2834  | S10_1678   |            11
 S24_2840   | S18_4027   |            11
 S18_1984   | S24_1628   |            11
 S18_3029   | S700_1138  |            11
 S700_1138  | S18_3029   |            11
 S18_3482   | S12_4675   |            11
 S24_2000   | S12_2823   |            11
 S18_2432   | S32_3522   |            11
 S18_2949   | S10_4962   |            11
 S32_3207   | S24_2840   |            11
 S18_3029   | S24_3151   |            11
 S24_3856   | S18_2870   |            11
 S12_1666   | S18_2957   |            11
 S50_1392   | S18_4027   |            11
 S18_3685   | S24_1046   |            11
 S700_3167  | S24_3420   |            11
 S24_3191   | S18_2325   |            11
 S18_2957   | S18_2795   |            11
 S12_3990   | S24_2972   |            11
 S18_3278   | S24_2972   |            11
 S18_3232   | S10_4962   |            11
 S18_2581   | S10_4698   |            11
 S24_2972   | S12_1099   |            11
 S10_4962   | S18_2319   |            11
 S24_1046   | S18_3685   |            11
 S700_2466  | S18_3856   |            11
 S24_3420   | S700_3167  |            11
 S12_3891   | S24_4048   |            11
 S18_2795   | S18_3136   |            11
 S18_2870   | S24_3856   |            11
 S12_2823   | S24_2000   |            11
 S18_3259   | S18_4027   |            11
 S24_2000   | S32_4289   |            11
 S24_3371   | S18_3232   |            11
 S12_1108   | S24_4048   |            11
 S18_4600   | S18_3232   |            11
 S18_3232   | S18_4600   |            11
 S18_3856   | S700_2466  |            11
 S24_3371   | S18_1129   |            11
 S18_2949   | S18_1342   |            11
 S18_1589   | S18_3232   |            11
 S18_4409   | S24_1628   |            11
 S18_3232   | S12_3380   |            11
 S32_3522   | S24_4258   |            11
 S24_2022   | S18_3320   |            11
 S10_4962   | S18_3232   |            11
 S24_2887   | S24_1937   |            11
 S24_4258   | S32_3522   |            11
 S24_2360   | S18_3278   |            11
 S12_3380   | S18_4721   |            11
 S18_4027   | S18_3259   |            11
 S12_1099   | S24_2972   |            11
 S18_3685   | S24_3856   |            11
 S24_3856   | S18_3685   |            11
 S24_2972   | S12_3990   |            11
 S18_1984   | S12_4675   |            11
 S18_3278   | S24_2360   |            11
 S12_3148   | S24_1444   |            11
 S24_2766   | S18_2325   |            11
 S18_2625   | S700_2834  |            11
 S18_2432   | S700_2824  |            11
 S24_1937   | S24_1046   |            11
 S18_2795   | S18_2957   |            11
 S18_2238   | S32_1268   |            11
 S24_2300   | S50_1392   |            11
 S18_2795   | S18_4409   |            11
 S10_4962   | S18_2949   |            11
 S24_2840   | S32_3207   |            11
 S700_2834  | S18_2625   |            11
 S18_4027   | S24_2840   |            11
 S12_1108   | S50_1392   |            11
 S700_2824  | S18_2432   |            11
 S18_1129   | S24_3371   |            11
 S18_2581   | S10_2016   |            11
 S24_2972   | S18_3278   |            11
 S18_1097   | S18_2432   |            11
 S50_1392   | S12_1108   |            11
 S18_4721   | S24_3856   |            11
 S18_1342   | S18_2949   |            11
 S24_4048   | S12_3891   |            11
 S18_4721   | S12_3380   |            11
 S18_2325   | S24_2766   |            11
 S10_1678   | S700_2834  |            11
 S24_1444   | S12_3148   |            11
 S18_2432   | S18_1097   |            11
 S18_2581   | S18_2625   |            11
 S24_3151   | S18_3029   |            11
 S700_2610  | S18_3856   |            11
 S12_4675   | S18_3482   |            11
 S18_4027   | S50_1392   |            11
 S32_3522   | S18_2432   |            11
 S18_3232   | S24_3371   |            11
 S18_2957   | S12_1666   |            11
 S24_1628   | S18_4409   |            11
 S18_3856   | S700_2610  |            11
 S18_3232   | S18_1589   |            11
 S18_2625   | S18_2581   |            11
 S10_2016   | S18_2581   |            11
 S18_2325   | S24_3191   |            11
 S18_4409   | S18_2795   |            11
 S32_1268   | S18_2238   |            11
 S24_1046   | S24_1937   |            11
 S24_3856   | S18_1589   |            11
 S24_1628   | S18_1984   |            11
 S18_3136   | S18_2795   |            11
 S18_1589   | S24_3856   |            11
 S12_4675   | S18_1984   |            11
 S24_3432   | S18_2248   |            11
 S18_3320   | S24_2022   |            11
 S24_4048   | S12_1108   |            11
 S18_2248   | S24_3432   |            11
 S24_3856   | S18_4721   |            11
 S12_3380   | S18_3232   |            11
 S32_4289   | S24_2000   |            11
 S10_4698   | S18_2581   |            11
 S24_1628   | S18_2248   |            10
 S18_1984   | S24_3371   |            10
 S18_4522   | S24_3816   |            10
 S18_1097   | S18_3320   |            10
 S18_2248   | S24_1628   |            10
 S18_2870   | S24_2766   |            10
 S24_1937   | S24_3191   |            10
 S12_3891   | S18_4522   |            10
 S18_3278   | S32_4485   |            10
 S18_1749   | S24_3432   |            10
 S50_1514   | S18_4522   |            10
 S18_4668   | S18_3136   |            10
 S24_1785   | S18_1662   |            10
 S18_4027   | S18_3232   |            10
 S24_3969   | S18_1367   |            10
 S18_2238   | S18_2432   |            10
 S700_2824  | S24_4258   |            10
 S24_4048   | S12_3148   |            10
 S18_3782   | S12_3990   |            10
 S18_2248   | S18_1367   |            10
 S24_2011   | S12_3891   |            10
 S24_3432   | S18_1749   |            10
 S24_4258   | S18_1097   |            10
 S12_3990   | S18_3232   |            10
 S32_4485   | S18_3482   |            10
 S700_2047  | S700_2610  |            10
 S18_3259   | S700_2610  |            10
 S18_4027   | S18_3140   |            10
 S50_4713   | S18_3278   |            10
 S18_1367   | S10_1949   |            10
 S18_2432   | S18_2238   |            10
 S700_3167  | S700_2047  |            10
 S18_2248   | S18_1342   |            10
 S18_3136   | S10_4962   |            10
 S10_4962   | S18_3136   |            10
 S24_3432   | S18_2325   |            10
 S24_3816   | S18_4522   |            10
 S32_4485   | S18_3278   |            10
 S18_3140   | S18_4027   |            10
 S18_1129   | S24_1628   |            10
 S18_1342   | S18_2248   |            10
 S18_3782   | S12_1099   |            10
 S18_3232   | S18_4027   |            10
 S18_3029   | S700_2466  |            10
 S24_3432   | S18_3685   |            10
 S18_3320   | S18_1097   |            10
 S700_2610  | S18_3140   |            10
 S18_1662   | S700_1691  |            10
 S18_2432   | S50_1392   |            10
 S24_3191   | S18_2870   |            10
 S18_2325   | S24_3432   |            10
 S12_3148   | S24_4048   |            10
 S700_3167  | S24_2841   |            10
 S72_1253   | S700_2610  |            10
 S18_4522   | S50_1514   |            10
 S700_2047  | S700_3167  |            10
 S24_2022   | S18_4933   |            10
 S12_4473   | S32_3207   |            10
 S18_3685   | S24_3432   |            10
 S50_1341   | S18_1662   |            10
 S700_1691  | S18_1662   |            10
 S18_3278   | S50_4713   |            10
 S18_3136   | S18_4668   |            10
 S24_2000   | S700_1691  |            10
 S700_2610  | S700_2047  |            10
 S18_2432   | S10_1949   |            10
 S12_3990   | S18_3782   |            10
 S18_3782   | S12_2823   |            10
 S12_1099   | S18_3782   |            10
 S12_2823   | S18_3782   |            10
 S18_1367   | S18_2248   |            10
 S18_4933   | S24_2022   |            10
 S50_1341   | S24_2000   |            10
 S24_1628   | S18_1129   |            10
 S700_2610  | S18_3259   |            10
 S24_3191   | S24_1937   |            10
 S700_1691  | S24_2000   |            10
 S18_1097   | S24_4258   |            10
 S24_2972   | S24_4620   |            10
 S24_3371   | S18_1984   |            10
 S24_3816   | S700_4002  |            10
 S12_3891   | S24_2011   |            10
 S18_1367   | S24_3969   |            10
 S24_3949   | S24_3816   |            10
 S24_1785   | S24_2000   |            10
 S18_4522   | S12_3891   |            10
 S10_1949   | S18_1367   |            10
 S700_4002  | S24_3816   |            10
 S18_3232   | S12_3990   |            10
 S24_2000   | S50_1341   |            10
 S700_1938  | S18_4027   |            10
 S700_2466  | S18_3029   |            10
 S18_1662   | S24_1785   |            10
 S24_4620   | S24_2972   |            10
 S24_2766   | S18_2870   |            10
 S18_3140   | S700_2610  |            10
 S50_1514   | S24_1444   |            10
 S24_1046   | S24_3969   |            10
 S24_3816   | S24_3949   |            10
 S18_2870   | S24_3191   |            10
 S50_1392   | S18_2432   |            10
 S24_2766   | S24_1937   |            10
 S24_3969   | S24_1046   |            10
 S700_2610  | S72_1253   |            10
 S32_3207   | S12_4473   |            10
 S18_4027   | S700_1938  |            10
 S18_1662   | S50_1341   |            10
 S24_2000   | S24_1785   |            10
 S18_3482   | S32_4485   |            10
 S24_1444   | S50_1514   |            10
 S24_2841   | S700_3167  |            10
 S24_4258   | S700_2824  |            10
 S10_1949   | S18_2432   |            10
 S24_1937   | S24_2766   |            10
 S50_1392   | S12_3891   |             9
 S12_3148   | S50_1392   |             9
 S18_2870   | S18_1889   |             9
 S24_1785   | S18_2625   |             9
 S12_1099   | S24_2360   |             9
 S18_1367   | S18_1749   |             9
 S18_1749   | S18_1342   |             9
 S12_4473   | S18_4027   |             9
 S18_4600   | S32_2509   |             9
 S18_2581   | S24_1578   |             9
 S24_1578   | S700_2834  |             9
 S24_3420   | S700_1691  |             9
 S18_2432   | S24_1444   |             9
 S700_1691  | S24_3420   |             9
 S24_3371   | S32_4485   |             9
 S24_2972   | S18_4721   |             9
 S50_1392   | S12_3148   |             9
 S50_1514   | S24_2011   |             9
 S10_2016   | S24_1785   |             9
 S18_4668   | S18_2957   |             9
 S18_3685   | S18_1889   |             9
 S18_1589   | S18_4933   |             9
 S18_3320   | S18_2325   |             9
 S18_1662   | S700_2610  |             9
 S50_4713   | S24_1578   |             9
 S24_1578   | S24_2360   |             9
 S18_2949   | S32_3522   |             9
 S24_2000   | S700_3167  |             9
 S700_3167  | S18_3856   |             9
 S18_3482   | S50_4713   |             9
 S32_3207   | S18_3140   |             9
 S700_2610  | S24_2841   |             9
 S24_1785   | S10_4698   |             9
 S12_3891   | S50_1392   |             9
 S24_2011   | S50_1514   |             9
 S24_1578   | S32_4485   |             9
 S12_4473   | S700_2824  |             9
 S18_4600   | S12_4473   |             9
 S24_1578   | S50_4713   |             9
 S18_2957   | S24_2022   |             9
 S32_2509   | S10_4962   |             9
 S18_2957   | S18_4668   |             9
 S24_3420   | S50_1341   |             9
 S18_1889   | S18_2870   |             9
 S24_4278   | S10_2016   |             9
 S24_1444   | S18_2432   |             9
 S24_2841   | S700_2610  |             9
 S24_3371   | S24_2360   |             9
 S72_1253   | S700_3167  |             9
 S12_3380   | S18_1129   |             9
 S18_1367   | S18_1097   |             9
 S18_2795   | S18_2949   |             9
 S24_2000   | S700_2466  |             9
 S24_1628   | S18_1749   |             9
 S18_1342   | S18_1749   |             9
 S18_2319   | S18_4027   |             9
 S700_3167  | S24_2000   |             9
 S24_1937   | S24_3432   |             9
 S24_3856   | S18_3782   |             9
 S12_1099   | S18_3232   |             9
 S24_4258   | S18_2795   |             9
 S700_2610  | S18_1662   |             9
 S18_1097   | S32_1268   |             9
 S18_3136   | S24_2022   |             9
 S32_1268   | S18_1097   |             9
 S700_2466  | S24_2000   |             9
 S18_4027   | S12_4473   |             9
 S24_3432   | S24_1937   |             9
 S18_4933   | S18_1589   |             9
 S18_1129   | S12_3990   |             9
 S24_2841   | S24_1785   |             9
 S18_2949   | S18_2795   |             9
 S32_3207   | S18_3259   |             9
 S24_1937   | S18_3320   |             9
 S32_3207   | S18_3232   |             9
 S50_4713   | S18_3482   |             9
 S18_1097   | S18_1367   |             9
 S32_3522   | S18_2949   |             9
 S700_3167  | S72_1253   |             9
 S18_4721   | S24_2972   |             9
 S10_4757   | S18_4522   |             9
 S50_1341   | S24_3420   |             9
 S18_2957   | S10_4962   |             9
 S18_1662   | S18_2581   |             9
 S18_3232   | S12_1099   |             9
 S18_2625   | S24_1785   |             9
 S18_1749   | S24_1628   |             9
 S32_2509   | S18_4600   |             9
 S24_2887   | S18_1589   |             9
 S18_2325   | S18_3320   |             9
 S18_1889   | S18_3685   |             9
 S700_2824  | S12_4473   |             9
 S18_3259   | S32_3207   |             9
 S18_4409   | S18_1342   |             9
 S700_2834  | S24_1578   |             9
 S24_1785   | S10_2016   |             9
 S18_2795   | S24_4258   |             9
 S10_4962   | S32_2509   |             9
 S18_4027   | S18_2319   |             9
 S24_2360   | S24_1578   |             9
 S24_2022   | S18_2957   |             9
 S18_1589   | S24_2887   |             9
 S18_3140   | S32_3207   |             9
 S24_2360   | S12_1099   |             9
 S12_3990   | S18_1129   |             9
 S18_1749   | S18_1367   |             9
 S10_4698   | S24_1785   |             9
 S12_4473   | S12_3148   |             9
 S18_3320   | S24_1937   |             9
 S18_3856   | S700_3167  |             9
 S32_4485   | S24_3371   |             9
 S18_1342   | S18_4409   |             9
 S12_3148   | S12_4473   |             9
 S12_4473   | S18_4600   |             9
 S10_4962   | S18_2957   |             9
 S32_4485   | S24_1578   |             9
 S24_1578   | S18_2581   |             9
 S24_1785   | S24_2841   |             9
 S18_3782   | S24_3856   |             9
 S18_2581   | S18_1662   |             9
 S18_3232   | S32_3207   |             9
 S18_1129   | S12_3380   |             9
 S24_2022   | S18_3136   |             9
 S10_2016   | S24_4278   |             9
 S24_2360   | S24_3371   |             9
 S18_4522   | S10_4757   |             9
 S32_2206   | S10_1678   |             8
 S12_3148   | S18_4522   |             8
 S12_3380   | S18_1984   |             8
 S32_1374   | S24_3949   |             8
 S18_2949   | S24_2022   |             8
 S18_3259   | S24_3816   |             8
 S18_3856   | S700_3505  |             8
 S18_2949   | S700_2824  |             8
 S18_4933   | S18_2795   |             8
 S50_4713   | S12_1099   |             8
 S18_2432   | S18_4668   |             8
 S24_4278   | S10_4698   |             8
 S12_1099   | S32_4485   |             8
 S18_4600   | S24_2840   |             8
 S18_1889   | S24_4620   |             8
 S24_2022   | S24_4258   |             8
 S10_1949   | S32_1268   |             8
 S50_1341   | S24_2841   |             8
 S18_3232   | S24_1628   |             8
 S12_1666   | S24_2300   |             8
 S18_1367   | S18_4409   |             8
 S24_2011   | S18_3029   |             8
 S50_1341   | S10_2016   |             8
 S50_1514   | S18_2238   |             8
 S32_2206   | S24_3856   |             8
 S18_3320   | S18_2248   |             8
 S24_2766   | S18_3685   |             8
 S24_3816   | S18_3259   |             8
 S24_3420   | S24_1785   |             8
 S18_2238   | S12_3891   |             8
 S32_1374   | S700_4002  |             8
 S18_3685   | S24_2766   |             8
 S12_1108   | S18_2238   |             8
 S18_4522   | S12_3148   |             8
 S10_2016   | S32_4289   |             8
 S32_2206   | S12_1099   |             8
 S24_3420   | S700_2610  |             8
 S72_3212   | S12_1108   |             8
 S18_2432   | S18_2949   |             8
 S24_1046   | S18_1984   |             8
 S18_3320   | S18_4668   |             8
 S24_1628   | S18_3232   |             8
 S18_1984   | S12_3380   |             8
 S72_3212   | S50_1514   |             8
 S32_3522   | S18_3136   |             8
 S24_3969   | S18_3320   |             8
 S12_2823   | S12_1099   |             8
 S18_4027   | S32_2509   |             8
 S12_1108   | S72_3212   |             8
 S700_3962  | S50_1514   |             8
 S32_3522   | S18_2319   |             8
 S18_2870   | S12_4675   |             8
 S10_4962   | S24_2840   |             8
 S18_1589   | S18_4409   |             8
 S18_3136   | S32_3522   |             8
 S12_3990   | S18_1984   |             8
 S18_4409   | S18_1589   |             8
 S700_3962  | S18_3856   |             8
 S24_4278   | S18_2625   |             8
 S700_2047  | S700_1691  |             8
 S18_3685   | S24_3191   |             8
 S18_3856   | S700_3962  |             8
 S18_1662   | S32_4289   |             8
 S24_2972   | S24_1628   |             8
 S12_1108   | S24_2011   |             8
 S18_3136   | S700_2824  |             8
 S700_2610  | S24_3420   |             8
 S700_1138  | S18_3856   |             8
 S12_4675   | S18_2870   |             8
 S18_1984   | S12_3990   |             8
 S24_3856   | S32_2206   |             8
 S700_2824  | S18_2319   |             8
 S24_2360   | S12_3990   |             8
 S18_3029   | S24_2011   |             8
 S24_3151   | S18_3856   |             8
 S18_4721   | S18_1889   |             8
 S18_2949   | S18_4600   |             8
 S24_1444   | S32_1268   |             8
 S700_3167  | S18_3029   |             8
 S32_1268   | S10_1949   |             8
 S18_3320   | S24_3969   |             8
 S18_2795   | S18_4933   |             8
 S18_4600   | S18_3136   |             8
 S18_4522   | S12_1108   |             8
 S24_2022   | S18_2949   |             8
 S12_4675   | S18_3685   |             8
 S32_2206   | S24_1578   |             8
 S12_1099   | S50_4713   |             8
 S18_2625   | S24_4278   |             8
 S18_3685   | S12_4675   |             8
 S24_4048   | S24_2300   |             8
 S50_1514   | S72_3212   |             8
 S12_3148   | S24_2011   |             8
 S12_3990   | S24_2360   |             8
 S12_3891   | S18_2238   |             8
 S24_3949   | S32_1374   |             8
 S18_3136   | S18_4600   |             8
 S12_4675   | S24_4620   |             8
 S32_3207   | S18_2319   |             8
 S700_2047  | S50_1341   |             8
 S50_4713   | S24_3371   |             8
 S24_3371   | S50_4713   |             8
 S12_1108   | S24_1444   |             8
 S18_2319   | S32_3522   |             8
 S18_4668   | S18_2432   |             8
 S10_2016   | S50_1341   |             8
 S18_1889   | S18_4721   |             8
 S24_2840   | S18_4600   |             8
 S18_4668   | S18_3320   |             8
 S700_2824  | S18_2949   |             8
 S12_1099   | S12_2823   |             8
 S32_4485   | S12_1099   |             8
 S700_2824  | S18_3136   |             8
 S24_4620   | S12_4675   |             8
 S32_2206   | S12_3990   |             8
 S32_2509   | S18_4027   |             8
 S24_2011   | S12_3148   |             8
 S24_4258   | S24_2022   |             8
 S18_1749   | S18_3320   |             8
 S12_3891   | S24_1444   |             8
 S24_2022   | S24_2887   |             8
 S18_4600   | S18_2949   |             8
 S24_4620   | S18_1889   |             8
 S18_3856   | S72_3212   |             8
 S24_2840   | S10_4962   |             8
 S24_2300   | S24_4048   |             8
 S18_4409   | S18_1367   |             8
 S10_1678   | S32_2206   |             8
 S18_3029   | S700_3167  |             8
 S18_3856   | S700_1138  |             8
 S32_1268   | S24_1444   |             8
 S24_2011   | S12_1108   |             8
 S18_1129   | S12_1099   |             8
 S24_1785   | S24_3420   |             8
 S18_2319   | S32_3207   |             8
 S18_2238   | S12_1108   |             8
 S700_1691  | S10_2016   |             8
 S18_2248   | S18_3320   |             8
 S72_3212   | S18_3856   |             8
 S72_3212   | S12_3891   |             8
 S24_1628   | S24_2972   |             8
 S700_3505  | S18_3856   |             8
 S24_1444   | S12_1108   |             8
 S12_1099   | S18_1129   |             8
 S10_2016   | S700_1691  |             8
 S12_1108   | S18_4522   |             8
 S32_4289   | S10_2016   |             8
 S700_1691  | S700_2047  |             8
 S700_1691  | S24_2841   |             8
 S24_2841   | S700_1691  |             8
 S18_1984   | S24_3432   |             8
 S12_3990   | S32_2206   |             8
 S50_1341   | S700_2047  |             8
 S24_2887   | S24_2022   |             8
 S50_1514   | S700_3962  |             8
 S10_4698   | S24_4278   |             8
 S18_1589   | S18_1889   |             8
 S24_1444   | S12_3891   |             8
 S12_3891   | S72_3212   |             8
 S24_2300   | S12_1666   |             8
 S700_4002  | S32_1374   |             8
 S24_2841   | S50_1341   |             8
 S18_2949   | S18_2432   |             8
 S32_4289   | S18_1662   |             8
 S24_1578   | S32_2206   |             8
 S18_2238   | S50_1514   |             8
 S18_3320   | S18_1749   |             8
 S18_2319   | S700_2824  |             8
 S18_1984   | S24_1046   |             8
 S24_3191   | S18_3685   |             8
 S24_3432   | S18_1984   |             8
 S18_1889   | S18_1589   |             8
 S18_3856   | S24_3151   |             8
 S12_1099   | S32_2206   |             8
 S18_2325   | S18_3136   |             7
 S18_3320   | S12_1666   |             7
 S18_3856   | S24_1785   |             7
 S24_3191   | S24_2022   |             7
 S10_4698   | S700_1691  |             7
 S24_3816   | S700_2466  |             7
 S12_2823   | S18_3278   |             7
 S700_4002  | S700_2610  |             7
 S12_4675   | S18_1589   |             7
 S18_3782   | S12_3380   |             7
 S24_1046   | S24_2022   |             7
 S32_4485   | S12_3990   |             7
 S18_3278   | S18_1129   |             7
 S24_3949   | S700_2610  |             7
 S18_2957   | S32_3522   |             7
 S24_1046   | S18_1129   |             7
 S24_2972   | S18_3782   |             7
 S18_3278   | S18_3232   |             7
 S24_3856   | S24_1628   |             7
 S12_4473   | S32_3522   |             7
 S10_4757   | S24_3949   |             7
 S24_2360   | S10_4698   |             7
 S18_1129   | S24_3432   |             7
 S12_4473   | S10_4962   |             7
 S72_1253   | S700_1138  |             7
 S18_3136   | S18_2432   |             7
 S18_3140   | S24_3816   |             7
 S700_3962  | S12_3891   |             7
 S18_2957   | S24_1937   |             7
 S700_2610  | S700_4002  |             7
 S700_3505  | S50_1514   |             7
 S700_4002  | S10_4757   |             7
 S12_2823   | S18_4721   |             7
 S18_4027   | S18_4522   |             7
 S700_1938  | S10_4757   |             7
 S18_1589   | S12_4675   |             7
 S700_1138  | S700_2047  |             7
 S10_4757   | S700_4002  |             7
 S24_1785   | S18_3856   |             7
 S24_3432   | S18_1129   |             7
 S700_1691  | S18_3856   |             7
 S50_4713   | S12_3990   |             7
 S10_4698   | S50_1341   |             7
 S18_1589   | S18_1749   |             7
 S32_4289   | S24_3420   |             7
 S12_2823   | S12_3990   |             7
 S18_3856   | S50_1341   |             7
 S50_1392   | S32_1268   |             7
 S700_1691  | S72_1253   |             7
 S24_4620   | S12_2823   |             7
 S700_1138  | S12_3891   |             7
 S32_4485   | S10_4698   |             7
 S32_2206   | S24_2972   |             7
 S18_3782   | S24_2972   |             7
 S24_2972   | S32_2206   |             7
 S12_1666   | S18_3320   |             7
 S24_2840   | S700_2824  |             7
 S18_3232   | S700_2824  |             7
 S18_3136   | S24_1937   |             7
 S50_1341   | S10_4698   |             7
 S32_1268   | S24_4258   |             7
 S10_4698   | S24_2360   |             7
 S24_1937   | S18_3136   |             7
 S10_2016   | S700_3167  |             7
 S18_3278   | S12_2823   |             7
 S700_2047  | S24_3151   |             7
 S24_2766   | S24_2022   |             7
 S72_3212   | S12_3148   |             7
 S32_1268   | S50_1392   |             7
 S32_3522   | S18_2957   |             7
 S18_3856   | S700_1691  |             7
 S24_4258   | S24_2300   |             7
 S32_2206   | S10_4698   |             7
 S12_3380   | S18_3782   |             7
 S18_2957   | S18_2432   |             7
 S700_1691  | S10_4698   |             7
 S24_4278   | S10_1678   |             7
 S10_1678   | S24_4278   |             7
 S32_3522   | S12_4473   |             7
 S10_4962   | S12_4473   |             7
 S18_4721   | S12_2823   |             7
 S10_4698   | S32_2206   |             7
 S18_2432   | S18_2957   |             7
 S50_1341   | S72_1253   |             7
 S18_2870   | S24_2887   |             7
 S18_1129   | S18_3482   |             7
 S18_4522   | S18_4027   |             7
 S24_3151   | S700_2047  |             7
 S32_3522   | S18_3232   |             7
 S18_1749   | S18_1589   |             7
 S12_3148   | S72_3212   |             7
 S700_1138  | S72_1253   |             7
 S12_1108   | S700_3962  |             7
 S700_3962  | S12_1108   |             7
 S24_1937   | S18_2957   |             7
 S12_1099   | S18_1984   |             7
 S18_2325   | S18_2957   |             7
 S12_2823   | S32_1374   |             7
 S18_2957   | S18_2325   |             7
 S10_1949   | S18_1342   |             7
 S700_2824  | S18_2957   |             7
 S18_1342   | S10_1949   |             7
 S24_2887   | S18_2870   |             7
 S24_3949   | S10_4757   |             7
 S700_2824  | S24_2840   |             7
 S10_4698   | S50_4713   |             7
 S18_1984   | S12_1099   |             7
 S12_3891   | S700_3962  |             7
 S12_2823   | S24_4620   |             7
 S24_1785   | S24_1578   |             7
 S18_2957   | S700_2824  |             7
 S72_1253   | S700_1691  |             7
 S18_3232   | S32_3522   |             7
 S12_3990   | S12_2823   |             7
 S50_4713   | S10_4698   |             7
 S18_4721   | S12_4675   |             7
 S18_2325   | S24_1628   |             7
 S24_4048   | S18_2432   |             7
 S700_3167  | S10_2016   |             7
 S24_3816   | S18_3140   |             7
 S700_2824  | S18_3232   |             7
 S700_2466  | S24_3816   |             7
 S18_3232   | S18_3482   |             7
 S18_3482   | S18_1129   |             7
 S12_3891   | S700_1138  |             7
 S24_1628   | S18_2325   |             7
 S18_1129   | S24_1046   |             7
 S18_4522   | S18_3029   |             7
 S32_4289   | S10_4698   |             7
 S32_1374   | S12_2823   |             7
 S18_4600   | S18_2957   |             7
 S24_3420   | S32_4289   |             7
 S18_2432   | S18_3136   |             7
 S24_2022   | S24_1046   |             7
 S10_4757   | S700_1938  |             7
 S18_3029   | S18_4522   |             7
 S10_4698   | S32_4289   |             7
 S24_4278   | S18_1662   |             7
 S24_1578   | S24_1785   |             7
 S18_3232   | S18_3278   |             7
 S700_2047  | S24_1785   |             7
 S72_1253   | S24_3151   |             7
 S18_3482   | S18_3232   |             7
 S12_3990   | S50_4713   |             7
 S10_4698   | S32_4485   |             7
 S18_3136   | S18_2325   |             7
 S18_2957   | S18_4600   |             7
 S12_4675   | S18_4721   |             7
 S50_1514   | S700_3505  |             7
 S700_2610  | S24_3949   |             7
 S72_1253   | S50_1341   |             7
 S24_2022   | S24_2766   |             7
 S18_2432   | S24_4048   |             7
 S700_2047  | S700_1138  |             7
 S24_4258   | S32_1268   |             7
 S50_1341   | S18_3856   |             7
 S12_3990   | S32_4485   |             7
 S24_3151   | S72_1253   |             7
 S24_2022   | S24_3191   |             7
 S32_2509   | S50_1514   |             7
 S24_2300   | S24_4258   |             7
 S24_1785   | S700_2047  |             7
 S50_1514   | S32_2509   |             7
 S18_1662   | S24_4278   |             7
 S24_1628   | S24_3856   |             7
 S18_1129   | S18_3278   |             7
 S700_3962  | S700_2047  |             6
 S24_2840   | S12_3148   |             6
 S18_3320   | S18_4600   |             6
 S18_2325   | S24_4258   |             6
 S10_2016   | S24_3949   |             6
 S18_3140   | S10_4757   |             6
 S24_2011   | S18_4027   |             6
 S700_1938  | S32_3207   |             6
 S24_3371   | S18_3685   |             6
 S700_3505  | S12_1108   |             6
 S24_3371   | S18_1589   |             6
 S24_3151   | S12_3891   |             6
 S18_4933   | S18_2870   |             6
 S700_2047  | S700_3505  |             6
 S700_3167  | S10_4698   |             6
 S18_1662   | S700_3962  |             6
 S18_2870   | S12_3380   |             6
 S700_1691  | S18_2625   |             6
 S12_3891   | S24_3151   |             6
 S72_3212   | S700_2047  |             6
 S10_1678   | S18_2581   |             6
 S24_4258   | S18_2325   |             6
 S18_2238   | S18_4600   |             6
 S10_1678   | S18_3782   |             6
 S700_2824  | S12_3148   |             6
 S18_3278   | S18_1984   |             6
 S18_3029   | S700_1691  |             6
 S18_3029   | S700_1938  |             6
 S24_3949   | S10_2016   |             6
 S700_4002  | S24_2000   |             6
 S12_3148   | S24_2840   |             6
 S24_2000   | S700_4002  |             6
 S24_1628   | S24_3969   |             6
 S32_3207   | S700_1938  |             6
 S24_1578   | S18_3782   |             6
 S24_1937   | S24_1628   |             6
 S24_2766   | S18_1984   |             6
 S24_1785   | S18_3029   |             6
 S18_3259   | S24_4048   |             6
 S700_1691  | S10_1678   |             6
 S72_1253   | S700_3505  |             6
 S24_2000   | S24_3949   |             6
 S18_1342   | S18_1097   |             6
 S10_2016   | S700_4002  |             6
 S18_2625   | S700_3167  |             6
 S18_3782   | S18_1889   |             6
 S24_1628   | S18_1889   |             6
 S700_2047  | S32_4289   |             6
 S700_3505  | S12_3891   |             6
 S72_3212   | S72_1253   |             6
 S18_4409   | S18_3320   |             6
 S10_1678   | S50_1341   |             6
 S18_2625   | S32_4289   |             6
 S18_4721   | S18_1129   |             6
 S24_4278   | S24_3420   |             6
 S24_4048   | S18_3140   |             6
 S24_3969   | S24_1628   |             6
 S18_3029   | S50_1341   |             6
 S700_1138  | S50_1514   |             6
 S12_3148   | S24_2300   |             6
 S12_3891   | S12_4473   |             6
 S18_1589   | S18_2248   |             6
 S32_4289   | S10_1678   |             6
 S10_1678   | S32_4289   |             6
 S18_3259   | S50_1392   |             6
 S10_2016   | S700_2466  |             6
 S24_2841   | S24_3151   |             6
 S72_1253   | S700_3962  |             6
 S700_3167  | S10_1678   |             6
 S18_1889   | S24_1628   |             6
 S24_3816   | S700_1938  |             6
 S50_1392   | S18_3140   |             6
 S12_4473   | S12_1108   |             6
 S18_2581   | S24_2841   |             6
 S700_1691  | S18_3029   |             6
 S32_2509   | S700_2824  |             6
 S18_1589   | S24_3371   |             6
 S12_3380   | S18_3685   |             6
 S12_4473   | S12_3891   |             6
 S18_1984   | S24_2766   |             6
 S72_1253   | S72_3212   |             6
 S700_3505  | S72_1253   |             6
 S24_2887   | S18_1342   |             6
 S24_4278   | S24_1578   |             6
 S10_4757   | S18_3140   |             6
 S18_4600   | S18_2238   |             6
 S18_2949   | S24_1937   |             6
 S24_4258   | S24_1937   |             6
 S24_3151   | S24_2841   |             6
 S18_1342   | S18_4933   |             6
 S24_3949   | S24_2000   |             6
 S32_3522   | S18_3320   |             6
 S18_3685   | S12_3380   |             6
 S24_4048   | S18_3259   |             6
 S18_2238   | S700_2824  |             6
 S24_2300   | S12_3148   |             6
 S18_1662   | S72_3212   |             6
 S18_3029   | S24_1785   |             6
 S18_3482   | S18_1984   |             6
 S18_2319   | S18_4668   |             6
 S18_3320   | S18_4409   |             6
 S24_1785   | S72_1253   |             6
 S18_2625   | S700_1691  |             6
 S24_1937   | S18_2949   |             6
 S700_3505  | S700_2047  |             6
 S700_3167  | S18_2625   |             6
 S700_1138  | S24_2841   |             6
 S18_4600   | S18_3320   |             6
 S24_1628   | S24_1937   |             6
 S18_2625   | S50_1341   |             6
 S12_1108   | S700_3505  |             6
 S700_2466  | S10_2016   |             6
 S24_3191   | S18_1984   |             6
 S700_2824  | S32_2509   |             6
 S10_1678   | S700_3167  |             6
 S18_1984   | S24_3191   |             6
 S24_3371   | S18_2870   |             6
 S10_1678   | S12_1099   |             6
 S24_4258   | S12_1666   |             6
 S700_1138  | S12_1108   |             6
 S24_2841   | S32_4289   |             6
 S18_4027   | S24_2011   |             6
 S50_1514   | S24_2840   |             6
 S700_2824  | S18_2238   |             6
 S32_4289   | S24_2841   |             6
 S18_3140   | S50_1392   |             6
 S24_2887   | S18_2795   |             6
 S24_2841   | S18_2581   |             6
 S10_4698   | S700_3167  |             6
 S12_1666   | S24_4258   |             6
 S24_2840   | S50_1514   |             6
 S12_3891   | S700_3505  |             6
 S18_1662   | S700_3505  |             6
 S700_1938  | S24_3816   |             6
 S18_1129   | S24_4620   |             6
 S18_1984   | S18_3482   |             6
 S18_4668   | S12_4473   |             6
 S72_1253   | S24_1785   |             6
 S700_3962  | S72_1253   |             6
 S18_1889   | S18_3782   |             6
 S18_4933   | S18_1342   |             6
 S18_1097   | S18_1342   |             6
 S32_4289   | S700_2047  |             6
 S700_2047  | S700_3962  |             6
 S18_1342   | S24_2887   |             6
 S18_2870   | S24_3371   |             6
 S12_3148   | S700_3962  |             6
 S18_2581   | S10_1678   |             6
 S18_1984   | S18_3278   |             6
 S24_3191   | S18_1129   |             6
 S50_1341   | S10_1678   |             6
 S18_2248   | S18_1589   |             6
 S24_4620   | S18_1129   |             6
 S24_2841   | S700_1138  |             6
 S700_1938  | S18_3029   |             6
 S18_3140   | S24_4048   |             6
 S50_1341   | S18_3029   |             6
 S24_3432   | S24_2022   |             6
 S12_1108   | S700_1138  |             6
 S18_4668   | S18_2319   |             6
 S12_1108   | S12_4473   |             6
 S18_2870   | S18_4933   |             6
 S18_3782   | S10_1678   |             6
 S18_3320   | S32_3522   |             6
 S18_1129   | S18_4721   |             6
 S700_4002  | S10_2016   |             6
 S50_1392   | S18_3259   |             6
 S12_3148   | S700_2824  |             6
 S24_2022   | S24_3432   |             6
 S24_1937   | S24_4258   |             6
 S18_2319   | S12_3148   |             6
 S50_1514   | S700_1138  |             6
 S24_2766   | S18_1129   |             6
 S12_1666   | S18_1367   |             6
 S700_2047  | S72_3212   |             6
 S12_3380   | S18_2870   |             6
 S700_3962  | S18_1662   |             6
 S50_1341   | S18_2625   |             6
 S700_3505  | S18_1662   |             6
 S10_1678   | S700_1691  |             6
 S700_3962  | S12_3148   |             6
 S18_3782   | S24_1578   |             6
 S32_4289   | S18_2625   |             6
 S18_1367   | S12_1666   |             6
 S18_2795   | S24_2887   |             6
 S18_1129   | S24_2766   |             6
 S24_3420   | S24_4278   |             6
 S12_3148   | S18_2319   |             6
 S12_1099   | S10_1678   |             6
 S12_4473   | S18_4668   |             6
 S18_3685   | S24_3371   |             6
 S72_3212   | S18_1662   |             6
 S18_1129   | S24_3191   |             6
 S24_1578   | S24_4278   |             6
 S50_1514   | S12_4473   |             5
 S50_1514   | S10_4757   |             5
 S18_3232   | S50_1514   |             5
 S18_1097   | S24_1937   |             5
 S18_2870   | S18_1749   |             5
 S24_1578   | S12_3990   |             5
 S24_2022   | S18_1097   |             5
 S12_3990   | S18_3685   |             5
 S24_4258   | S18_2248   |             5
 S32_2206   | S12_3380   |             5
 S700_1138  | S18_1662   |             5
 S32_4289   | S18_3856   |             5
 S18_3029   | S18_3140   |             5
 S24_3969   | S24_4258   |             5
 S18_1749   | S18_2870   |             5
 S24_2300   | S18_1097   |             5
 S18_1097   | S24_2300   |             5
 S24_1046   | S24_2972   |             5
 S10_4698   | S700_2466  |             5
 S18_2325   | S18_2949   |             5
 S24_4278   | S24_2841   |             5
 S18_2957   | S24_3969   |             5
 S18_3136   | S18_2248   |             5
 S18_2795   | S24_2766   |             5
 S18_2248   | S24_4258   |             5
 S700_2466  | S10_4698   |             5
 S18_1662   | S700_2834  |             5
 S18_3259   | S24_1444   |             5
 S10_4698   | S700_4002  |             5
 S72_1253   | S32_4289   |             5
 S18_2248   | S18_2957   |             5
 S18_2581   | S24_3420   |             5
 S32_2509   | S12_1108   |             5
 S18_2581   | S18_3029   |             5
 S18_1589   | S12_3380   |             5
 S10_4698   | S24_3949   |             5
 S18_2625   | S700_4002  |             5
 S24_1937   | S18_1097   |             5
 S18_3232   | S12_3148   |             5
 S24_4620   | S18_1984   |             5
 S24_3420   | S18_2581   |             5
 S10_4757   | S50_1514   |             5
 S24_3969   | S18_2957   |             5
 S50_1514   | S18_3232   |             5
 S12_1108   | S32_2509   |             5
 S18_2795   | S24_1046   |             5
 S18_1367   | S10_4962   |             5
 S24_3949   | S10_4698   |             5
 S700_2834  | S18_1662   |             5
 S24_2841   | S72_3212   |             5
 S24_2360   | S24_3856   |             5
 S18_1367   | S18_2432   |             5
 S12_3990   | S24_1578   |             5
 S24_3151   | S18_1662   |             5
 S700_2466  | S10_4757   |             5
 S18_1984   | S18_4721   |             5
 S18_2949   | S18_2325   |             5
 S18_3259   | S10_4757   |             5
 S12_4675   | S24_1628   |             5
 S24_4278   | S700_2047  |             5
 S12_3148   | S32_3522   |             5
 S24_2011   | S18_3856   |             5
 S32_3522   | S12_3148   |             5
 S700_1138  | S24_3420   |             5
 S18_1367   | S18_4933   |             5
 S700_3505  | S24_2841   |             5
 S18_3782   | S12_4675   |             5
 S18_3685   | S18_4933   |             5
 S10_1678   | S12_3990   |             5
 S18_3259   | S18_3029   |             5
 S700_3505  | S12_3148   |             5
 S18_1662   | S24_3151   |             5
 S700_3962  | S24_2841   |             5
 S18_4933   | S18_1367   |             5
 S10_1949   | S24_2022   |             5
 S24_2766   | S18_2795   |             5
 S18_3232   | S24_4620   |             5
 S24_1628   | S12_4675   |             5
 S18_3136   | S24_3969   |             5
 S12_1099   | S24_1578   |             5
 S24_2841   | S24_4278   |             5
 S12_3990   | S18_2870   |             5
 S18_4668   | S12_3148   |             5
 S32_4485   | S24_3856   |             5
 S24_2000   | S24_2360   |             5
 S18_4721   | S18_1984   |             5
 S10_1949   | S24_1937   |             5
 S12_3380   | S32_2206   |             5
 S24_4258   | S18_4600   |             5
 S18_4600   | S24_4258   |             5
 S18_2870   | S18_4409   |             5
 S18_2319   | S50_1514   |             5
 S18_3232   | S18_4721   |             5
 S12_3148   | S24_4258   |             5
 S18_3140   | S18_3029   |             5
 S18_4721   | S18_3232   |             5
 S24_2360   | S12_3380   |             5
 S72_3212   | S24_2841   |             5
 S24_3420   | S700_1138  |             5
 S12_3380   | S18_1589   |             5
 S24_3969   | S18_3136   |             5
 S10_4757   | S18_3259   |             5
 S18_3320   | S700_2824  |             5
 S18_2957   | S18_2248   |             5
 S12_3380   | S24_2360   |             5
 S12_2823   | S700_2834  |             5
 S24_2000   | S12_1099   |             5
 S18_4027   | S700_3962  |             5
 S12_1108   | S24_3151   |             5
 S24_3191   | S18_1342   |             5
 S24_1444   | S18_3259   |             5
 S10_1949   | S18_2795   |             5
 S24_3949   | S18_2625   |             5
 S24_3432   | S18_3232   |             5
 S24_3856   | S24_2360   |             5
 S12_3148   | S700_3505  |             5
 S24_2022   | S10_1949   |             5
 S12_4675   | S18_3782   |             5
 S18_1342   | S24_2766   |             5
 S24_1046   | S18_3232   |             5
 S24_3856   | S32_4485   |             5
 S18_3029   | S18_2581   |             5
 S24_1046   | S18_2795   |             5
 S24_2841   | S700_3962  |             5
 S24_3420   | S24_3151   |             5
 S12_1099   | S24_2000   |             5
 S18_2795   | S18_1097   |             5
 S24_2360   | S24_2000   |             5
 S700_3962  | S18_4027   |             5
 S24_1937   | S10_1949   |             5
 S24_4258   | S24_3969   |             5
 S32_3522   | S24_2840   |             5
 S12_1099   | S18_3685   |             5
 S72_3212   | S18_4027   |             5
 S700_1138  | S12_3148   |             5
 S18_1097   | S24_2022   |             5
 S12_3990   | S10_1678   |             5
 S50_1514   | S24_3151   |             5
 S18_2625   | S700_2466  |             5
 S10_4698   | S18_3782   |             5
 S24_2300   | S10_1949   |             5
 S24_3191   | S18_2795   |             5
 S24_3151   | S50_1514   |             5
 S18_3232   | S24_1046   |             5
 S10_1949   | S24_2300   |             5
 S18_2432   | S18_1367   |             5
 S18_2248   | S18_3136   |             5
 S12_4473   | S50_1514   |             5
 S700_2047  | S24_4278   |             5
 S700_2824  | S18_3320   |             5
 S700_4002  | S18_2625   |             5
 S18_1342   | S24_3191   |             5
 S700_4002  | S10_4698   |             5
 S10_4757   | S700_2466  |             5
 S18_3856   | S32_4289   |             5
 S18_1984   | S24_4620   |             5
 S12_3148   | S18_3232   |             5
 S18_3782   | S10_4698   |             5
 S18_3685   | S12_1099   |             5
 S12_3148   | S700_1138  |             5
 S32_2509   | S12_3891   |             5
 S24_3816   | S700_3167  |             5
 S18_1749   | S24_4258   |             5
 S18_2795   | S10_1949   |             5
 S24_3151   | S24_3420   |             5
 S32_1268   | S12_3148   |             5
 S24_4620   | S18_3232   |             5
 S18_3232   | S18_4668   |             5
 S18_4668   | S18_3232   |             5
 S18_2870   | S12_3990   |             5
 S24_2887   | S18_3685   |             5
 S24_2972   | S24_1046   |             5
 S700_2466  | S18_2625   |             5
 S18_3685   | S24_2887   |             5
 S24_4258   | S18_1749   |             5
 S12_3148   | S32_1268   |             5
 S18_3685   | S12_3990   |             5
 S24_4258   | S12_3148   |             5
 S18_2795   | S24_3191   |             5
 S50_1514   | S18_2319   |             5
 S24_2840   | S32_3522   |             5
 S10_4962   | S18_1367   |             5
 S24_1578   | S12_1099   |             5
 S12_3148   | S18_4668   |             5
 S12_1099   | S18_2870   |             5
 S18_3232   | S24_3432   |             5
 S18_1662   | S700_1138  |             5
 S12_3891   | S32_2509   |             5
 S18_4027   | S72_3212   |             5
 S18_4933   | S18_3685   |             5
 S24_2841   | S700_3505  |             5
 S18_3029   | S18_3259   |             5
 S24_3151   | S12_1108   |             5
 S18_2625   | S24_3949   |             5
 S32_4289   | S72_1253   |             5
 S700_3167  | S24_3816   |             5
 S24_2766   | S18_1342   |             5
 S18_4409   | S18_2870   |             5
 S18_1097   | S18_2795   |             5
 S18_3856   | S24_2011   |             5
 S18_2870   | S12_1099   |             5
 S700_2834  | S12_2823   |             5
 S24_2360   | S10_2016   |             4
 S18_2957   | S18_1749   |             4
 S24_3856   | S24_3432   |             4
 S18_1749   | S18_3685   |             4
 S24_3949   | S700_1138  |             4
 S700_3962  | S24_3420   |             4
 S24_1578   | S32_4289   |             4
 S10_1678   | S24_1785   |             4
 S700_2610  | S12_1108   |             4
 S18_2238   | S18_4668   |             4
 S18_2238   | S18_3259   |             4
 S24_3420   | S700_3505  |             4
 S24_1578   | S50_1341   |             4
 S700_2466  | S10_1678   |             4
 S700_1691  | S24_3816   |             4
 S18_1129   | S32_2206   |             4
 S10_4962   | S18_2238   |             4
 S32_4485   | S10_2016   |             4
 S700_2610  | S24_1785   |             4
 S24_2300   | S32_3207   |             4
 S50_4713   | S12_3380   |             4
 S10_1678   | S24_4620   |             4
 S700_2834  | S700_2047  |             4
 S10_2016   | S32_2206   |             4
 S700_2610  | S50_1514   |             4
 S18_4027   | S24_2300   |             4
 S18_2625   | S32_4485   |             4
 S18_1129   | S24_2887   |             4
 S18_4600   | S50_1392   |             4
 S32_2206   | S18_1129   |             4
 S24_2000   | S32_4485   |             4
 S24_3420   | S72_3212   |             4
 S50_1392   | S10_4757   |             4
 S18_4600   | S24_1444   |             4
 S18_2238   | S24_4258   |             4
 S700_2824  | S12_1108   |             4
 S18_4409   | S18_3136   |             4
 S50_4713   | S24_3856   |             4
 S12_1108   | S24_2300   |             4
 S18_2581   | S700_2047  |             4
 S24_3432   | S24_2972   |             4
 S32_2206   | S18_1984   |             4
 S24_3816   | S50_1341   |             4
 S24_1444   | S10_4962   |             4
 S18_1889   | S24_2000   |             4
 S50_4713   | S10_2016   |             4
 S12_3380   | S24_2000   |             4
 S18_1984   | S32_2206   |             4
 S12_4675   | S24_2000   |             4
 S24_2300   | S12_1108   |             4
 S24_2887   | S18_1129   |             4
 S24_3856   | S50_4713   |             4
 S24_2887   | S18_1367   |             4
 S10_1678   | S18_4721   |             4
 S18_2957   | S18_4409   |             4
 S700_3505  | S18_4027   |             4
 S700_2834  | S24_3420   |             4
 S18_2581   | S72_1253   |             4
 S24_3151   | S24_3949   |             4
 S18_4409   | S18_3685   |             4
 S24_2000   | S12_3990   |             4
 S18_1589   | S18_2325   |             4
 S18_2325   | S10_1949   |             4
 S18_3259   | S18_2238   |             4
 S12_3380   | S50_4713   |             4
 S24_1785   | S24_3816   |             4
 S18_2248   | S18_2870   |             4
 S32_3522   | S18_2238   |             4
 S50_1341   | S24_3816   |             4
 S24_1578   | S700_1691  |             4
 S24_1046   | S24_3856   |             4
 S24_1578   | S18_3278   |             4
 S18_3136   | S18_4409   |             4
 S32_1374   | S24_2360   |             4
 S18_2238   | S32_3522   |             4
 S700_3167  | S24_1578   |             4
 S24_3151   | S12_3148   |             4
 S50_4713   | S24_2000   |             4
 S18_2949   | S32_1268   |             4
 S32_2206   | S18_2625   |             4
 S18_1129   | S18_3782   |             4
 S18_1342   | S24_3432   |             4
 S24_3816   | S700_1691  |             4
 S24_3856   | S24_1046   |             4
 S32_2206   | S18_1889   |             4
 S18_4721   | S24_1578   |             4
 S18_3136   | S32_1268   |             4
 S24_3371   | S12_2823   |             4
 S24_2840   | S18_4668   |             4
 S18_2625   | S24_2360   |             4
 S24_2840   | S12_1108   |             4
 S12_3990   | S18_1589   |             4
 S18_2625   | S12_1099   |             4
 S24_4258   | S18_2238   |             4
 S32_3207   | S24_2300   |             4
 S10_4757   | S50_1392   |             4
 S24_3432   | S18_2795   |             4
 S24_2972   | S32_4485   |             4
 S12_4675   | S24_2360   |             4
 S32_4485   | S18_2625   |             4
 S18_1589   | S12_1099   |             4
 S12_1099   | S18_2625   |             4
 S18_3782   | S18_1984   |             4
 S700_2610  | S18_2581   |             4
 S18_3278   | S24_1578   |             4
 S18_4668   | S24_2840   |             4
 S12_1108   | S24_2840   |             4
 S18_3232   | S12_1666   |             4
 S24_1578   | S18_4721   |             4
 S24_1444   | S700_2824  |             4
 S18_1984   | S18_3782   |             4
 S12_1099   | S18_1589   |             4
 S18_3856   | S24_4278   |             4
 S10_2016   | S32_4485   |             4
 S72_1253   | S24_4278   |             4
 S700_1691  | S24_1578   |             4
 S18_1984   | S24_2887   |             4
 S24_4620   | S24_1578   |             4
 S18_3320   | S18_2432   |             4
 S18_2581   | S700_2610  |             4
 S18_2432   | S18_3320   |             4
 S12_1666   | S18_2319   |             4
 S18_4522   | S18_3856   |             4
 S18_4933   | S18_3320   |             4
 S24_2360   | S18_2625   |             4
 S24_2360   | S12_4675   |             4
 S18_1749   | S18_2957   |             4
 S18_1889   | S32_2206   |             4
 S32_4485   | S12_3380   |             4
 S700_2466  | S700_2610  |             4
 S24_2972   | S24_3432   |             4
 S24_1444   | S18_4600   |             4
 S10_1678   | S700_2466  |             4
 S32_4289   | S24_1578   |             4
 S700_2824  | S24_1444   |             4
 S24_1785   | S10_1678   |             4
 S32_1268   | S24_4048   |             4
 S18_3482   | S12_2823   |             4
 S12_1108   | S700_2610  |             4
 S18_2238   | S10_4962   |             4
 S24_4048   | S32_1268   |             4
 S18_2319   | S12_1666   |             4
 S10_4962   | S24_1444   |             4
 S18_1589   | S12_3990   |             4
 S24_3432   | S18_1342   |             4
 S18_2795   | S24_3432   |             4
 S700_3505  | S24_3420   |             4
 S24_3420   | S700_3962  |             4
 S32_2509   | S32_3522   |             4
 S18_4522   | S32_3207   |             4
 S12_3990   | S24_2000   |             4
 S18_2625   | S12_3990   |             4
 S24_4258   | S12_4473   |             4
 S12_2823   | S18_3482   |             4
 S18_1097   | S18_2325   |             4
 S12_2823   | S12_3380   |             4
 S18_3136   | S18_1749   |             4
 S12_1108   | S700_2824  |             4
 S700_2610  | S700_2466  |             4
 S700_2047  | S700_2834  |             4
 S12_3380   | S32_4485   |             4
 S18_1129   | S50_4713   |             4
 S18_3232   | S24_3191   |             4
 S18_4668   | S18_1367   |             4
 S18_3278   | S10_1678   |             4
 S700_2610  | S12_3891   |             4
 S24_4278   | S18_3856   |             4
 S24_1578   | S24_4620   |             4
 S12_3891   | S700_2610  |             4
 S24_2766   | S18_3232   |             4
 S72_1253   | S18_2581   |             4
 S18_3856   | S18_2581   |             4
 S24_2360   | S32_1374   |             4
 S18_2625   | S50_4713   |             4
 S18_3685   | S18_4409   |             4
 S10_4962   | S50_1392   |             4
 S24_3949   | S24_3151   |             4
 S12_3148   | S24_3151   |             4
 S50_1392   | S18_4600   |             4
 S32_1268   | S18_2949   |             4
 S18_3856   | S18_4522   |             4
 S18_2581   | S18_3856   |             4
 S18_3232   | S24_2766   |             4
 S10_2016   | S50_4713   |             4
 S10_1949   | S18_2325   |             4
 S24_2000   | S18_1889   |             4
 S10_4757   | S12_1108   |             4
 S18_2625   | S32_2206   |             4
 S18_1367   | S18_4668   |             4
 S18_3320   | S10_4962   |             4
 S24_3816   | S24_1785   |             4
 S24_4278   | S72_1253   |             4
 S24_2300   | S18_4027   |             4
 S24_1785   | S700_2610  |             4
 S12_3891   | S24_2840   |             4
 S32_3207   | S18_4522   |             4
 S24_2840   | S12_3891   |             4
 S24_2000   | S12_3380   |             4
 S32_4289   | S18_3029   |             4
 S24_2887   | S18_1984   |             4
 S72_3212   | S24_3420   |             4
 S50_4713   | S18_2625   |             4
 S700_1138  | S24_3949   |             4
 S24_1444   | S18_3140   |             4
 S18_3685   | S18_1749   |             4
 S24_4620   | S10_1678   |             4
 S18_4027   | S700_3505  |             4
 S24_1578   | S700_3167  |             4
 S18_3782   | S18_1129   |             4
 S18_3320   | S18_4933   |             4
 S18_4409   | S18_2957   |             4
 S18_3029   | S32_4289   |             4
 S50_1341   | S24_1578   |             4
 S12_1666   | S18_3232   |             4
 S18_3140   | S24_1444   |             4
 S12_4675   | S32_2206   |             4
 S24_3420   | S700_2834  |             4
 S18_2870   | S18_2248   |             4
 S12_3380   | S12_2823   |             4
 S12_1108   | S10_4757   |             4
 S24_2000   | S50_4713   |             4
 S50_1514   | S700_2610  |             4
 S24_3432   | S24_3856   |             4
 S18_1749   | S18_3136   |             4
 S24_3191   | S18_3232   |             4
 S24_2000   | S12_4675   |             4
 S12_4473   | S24_4258   |             4
 S50_1392   | S10_4962   |             4
 S18_2325   | S18_1097   |             4
 S32_4485   | S24_2972   |             4
 S700_4002  | S700_1138  |             4
 S50_4713   | S18_1129   |             4
 S24_3151   | S700_4002  |             4
 S32_4485   | S24_2000   |             4
 S18_2325   | S18_1589   |             4
 S32_1268   | S18_3136   |             4
 S18_4721   | S10_1678   |             4
 S32_2206   | S12_4675   |             4
 S700_1138  | S700_4002  |             4
 S12_3990   | S18_2625   |             4
 S18_1367   | S24_2887   |             4
 S10_4962   | S18_3320   |             4
 S32_3522   | S32_2509   |             4
 S32_2206   | S10_2016   |             4
 S18_4668   | S18_2238   |             4
 S10_1678   | S18_3278   |             4
 S10_2016   | S24_2360   |             4
 S12_2823   | S24_3371   |             4
 S700_2047  | S18_2581   |             4
 S700_4002  | S24_3151   |             4
 S18_3259   | S24_2840   |             3
 S18_3320   | S32_1268   |             3
 S10_2016   | S72_1253   |             3
 S700_4002  | S24_1578   |             3
 S12_3990   | S10_4698   |             3
 S10_4698   | S12_1099   |             3
 S12_4473   | S18_3259   |             3
 S24_2300   | S18_3320   |             3
 S700_1938  | S50_1392   |             3
 S24_3191   | S18_1367   |             3
 S50_4713   | S12_4675   |             3
 S18_4933   | S18_1129   |             3
 S24_2000   | S18_1662   |             3
 S18_2248   | S18_3685   |             3
 S24_1578   | S18_1889   |             3
 S12_3380   | S24_1578   |             3
 S24_3949   | S700_3962  |             3
 S18_3259   | S12_4473   |             3
 S72_3212   | S18_2581   |             3
 S24_3191   | S24_3856   |             3
 S12_1666   | S24_1937   |             3
 S24_2300   | S18_3136   |             3
 S18_2949   | S18_1749   |             3
 S10_1678   | S12_4675   |             3
 S12_1099   | S32_1374   |             3
 S18_1342   | S12_1666   |             3
 S32_2509   | S12_3148   |             3
 S72_1253   | S10_2016   |             3
 S18_2248   | S18_2949   |             3
 S700_3962  | S18_2581   |             3
 S32_1268   | S18_4027   |             3
 S24_1578   | S700_4002  |             3
 S24_2000   | S18_3278   |             3
 S32_1268   | S32_3207   |             3
 S700_3505  | S32_3207   |             3
 S18_2957   | S32_1268   |             3
 S24_3949   | S700_3505  |             3
 S24_2011   | S72_1253   |             3
 S700_3167  | S10_4757   |             3
 S18_1984   | S18_4933   |             3
 S12_4675   | S18_2625   |             3
 S12_3148   | S32_2509   |             3
 S18_3136   | S24_2300   |             3
 S32_1374   | S32_4485   |             3
 S10_1678   | S24_3949   |             3
 S18_1342   | S24_1046   |             3
 S18_1589   | S24_3969   |             3
 S32_4485   | S32_1374   |             3
 S18_2625   | S12_4675   |             3
 S32_3207   | S32_1268   |             3
 S32_3207   | S700_1138  |             3
 S12_1666   | S18_1342   |             3
 S24_3191   | S18_1889   |             3
 S12_4675   | S10_1678   |             3
 S18_2795   | S24_1628   |             3
 S24_4278   | S12_2823   |             3
 S24_2011   | S32_3207   |             3
 S72_1253   | S700_2834  |             3
 S18_2949   | S24_3969   |             3
 S18_4933   | S18_2957   |             3
 S18_1589   | S24_1937   |             3
 S24_2766   | S24_2972   |             3
 S72_1253   | S24_2011   |             3
 S700_3505  | S18_2581   |             3
 S18_3320   | S24_2300   |             3
 S12_3380   | S24_1628   |             3
 S18_4668   | S18_1342   |             3
 S24_3151   | S32_3207   |             3
 S24_4620   | S18_3685   |             3
 S18_2325   | S18_1129   |             3
 S24_2011   | S700_2047  |             3
 S32_2509   | S12_1666   |             3
 S24_3151   | S18_4027   |             3
 S18_2581   | S72_3212   |             3
 S18_1589   | S24_4620   |             3
 S700_1138  | S18_4027   |             3
 S24_3191   | S24_2972   |             3
 S24_4258   | S10_4962   |             3
 S24_1937   | S12_1666   |             3
 S32_2206   | S18_1589   |             3
 S700_4002  | S72_3212   |             3
 S10_1678   | S12_3380   |             3
 S18_4933   | S18_1984   |             3
 S18_3029   | S24_4278   |             3
 S32_4485   | S700_2834  |             3
 S32_2206   | S24_2000   |             3
 S32_3207   | S24_3151   |             3
 S10_4698   | S18_4721   |             3
 S18_1889   | S24_1578   |             3
 S18_2238   | S18_3140   |             3
 S32_3207   | S72_3212   |             3
 S72_3212   | S32_3207   |             3
 S24_2841   | S700_2834  |             3
 S24_2360   | S18_1889   |             3
 S24_2972   | S24_3191   |             3
 S18_4409   | S24_4258   |             3
 S18_4027   | S32_1268   |             3
 S24_2000   | S32_2206   |             3
 S24_1046   | S18_1889   |             3
 S24_1046   | S18_1342   |             3
 S24_2300   | S18_2957   |             3
 S700_4002  | S700_3505  |             3
 S12_4675   | S24_1046   |             3
 S10_1678   | S700_4002  |             3
 S18_1889   | S24_2360   |             3
 S50_4713   | S18_1984   |             3
 S700_3962  | S24_3949   |             3
 S50_4713   | S32_1374   |             3
 S24_1937   | S18_1589   |             3
 S700_4002  | S700_3962  |             3
 S24_3969   | S18_2949   |             3
 S18_1367   | S24_3191   |             3
 S10_2016   | S18_3278   |             3
 S10_4757   | S700_3167  |             3
 S24_2766   | S18_1889   |             3
 S12_3891   | S10_4757   |             3
 S12_4675   | S24_1578   |             3
 S24_1628   | S18_2795   |             3
 S18_3278   | S18_2625   |             3
 S24_2840   | S18_3259   |             3
 S12_4675   | S24_2766   |             3
 S50_4713   | S700_2834  |             3
 S18_3320   | S24_2887   |             3
 S12_2823   | S24_4278   |             3
 S24_3969   | S18_1589   |             3
 S24_1628   | S12_3380   |             3
 S32_4485   | S18_1129   |             3
 S18_3232   | S18_3782   |             3
 S18_2325   | S18_1984   |             3
 S18_1367   | S24_2766   |             3
 S10_2016   | S12_3990   |             3
 S12_1666   | S18_2795   |             3
 S32_1268   | S18_3320   |             3
 S10_2016   | S12_1099   |             3
 S700_2834  | S18_3856   |             3
 S24_1578   | S24_3949   |             3
 S18_1889   | S24_2766   |             3
 S10_4757   | S32_3207   |             3
 S18_1984   | S50_4713   |             3
 S12_4675   | S24_3432   |             3
 S24_1578   | S12_3380   |             3
 S18_2949   | S24_2300   |             3
 S18_2319   | S12_3891   |             3
 S12_3380   | S18_2625   |             3
 S24_2766   | S18_1367   |             3
 S24_4620   | S18_2870   |             3
 S18_1589   | S32_2206   |             3
 S24_2360   | S700_2834  |             3
 S18_2581   | S700_3505  |             3
 S12_2823   | S12_4675   |             3
 S32_2206   | S18_3232   |             3
 S24_3949   | S72_3212   |             3
 S18_2625   | S18_1889   |             3
 S18_1129   | S32_4485   |             3
 S24_1628   | S24_2022   |             3
 S12_1666   | S24_2022   |             3
 S10_4698   | S18_3278   |             3
 S12_4675   | S50_4713   |             3
 S10_4757   | S12_3891   |             3
 S12_3891   | S18_3232   |             3
 S18_1889   | S24_3432   |             3
 S18_2319   | S24_4258   |             3
 S24_4048   | S700_1938  |             3
 S24_1046   | S12_4675   |             3
 S32_3207   | S700_3962  |             3
 S32_1374   | S12_1099   |             3
 S50_1392   | S700_1938  |             3
 S32_1268   | S12_1108   |             3
 S700_2466  | S24_1578   |             3
 S24_4620   | S18_1589   |             3
 S12_4675   | S24_3191   |             3
 S24_2972   | S24_2766   |             3
 S24_3856   | S24_2766   |             3
 S24_2360   | S24_2972   |             3
 S18_1749   | S18_2949   |             3
 S700_2834  | S50_4713   |             3
 S18_4933   | S18_3136   |             3
 S24_1578   | S700_2466  |             3
 S700_3962  | S700_4002  |             3
 S24_3432   | S12_4675   |             3
 S700_3505  | S24_3949   |             3
 S12_4675   | S32_4485   |             3
 S12_1099   | S10_4698   |             3
 S12_1099   | S10_2016   |             3
 S18_1662   | S32_1374   |             3
 S18_3140   | S18_2238   |             3
 S32_3207   | S700_3505  |             3
 S10_4962   | S24_4258   |             3
 S18_2957   | S24_2300   |             3
 S18_1984   | S18_2325   |             3
 S10_4698   | S12_3990   |             3
 S18_1889   | S24_3191   |             3
 S24_4258   | S18_4409   |             3
 S18_3278   | S24_2000   |             3
 S24_4258   | S18_2319   |             3
 S18_2581   | S700_3962  |             3
 S12_1666   | S32_2509   |             3
 S32_1374   | S50_4713   |             3
 S700_2610  | S12_3148   |             3
 S18_2949   | S18_2248   |             3
 S700_2834  | S32_4485   |             3
 S12_1108   | S32_1268   |             3
 S18_3136   | S18_4933   |             3
 S24_1578   | S12_4675   |             3
 S24_3191   | S12_4675   |             3
 S700_3962  | S32_3207   |             3
 S24_3856   | S24_3191   |             3
 S12_3380   | S10_1678   |             3
 S10_4698   | S24_4620   |             3
 S18_1889   | S18_2625   |             3
 S700_2610  | S700_3167  |             3
 S700_4002  | S10_1678   |             3
 S18_2957   | S18_4933   |             3
 S18_3278   | S10_2016   |             3
 S24_2022   | S12_1666   |             3
 S24_2022   | S24_1628   |             3
 S12_4675   | S12_2823   |             3
 S18_1889   | S24_1046   |             3
 S24_2972   | S24_2360   |             3
 S24_3949   | S10_1678   |             3
 S32_1268   | S18_2957   |             3
 S18_4027   | S700_1138  |             3
 S18_2625   | S18_3278   |             3
 S24_2766   | S24_3856   |             3
 S700_1138  | S32_3207   |             3
 S18_4027   | S24_3151   |             3
 S32_4485   | S12_4675   |             3
 S18_3232   | S32_2206   |             3
 S32_3207   | S18_2432   |             3
 S18_3782   | S18_3232   |             3
 S24_4620   | S10_4698   |             3
 S18_3232   | S12_3891   |             3
 S18_3685   | S18_2248   |             3
 S700_2047  | S24_2011   |             3
 S24_2300   | S18_2949   |             3
 S18_3685   | S24_4620   |             3
 S12_3148   | S700_2610  |             3
 S700_2834  | S24_2841   |             3
 S18_2795   | S12_1666   |             3
 S12_3990   | S10_2016   |             3
 S700_2834  | S72_1253   |             3
 S32_3207   | S24_2011   |             3
 S12_3891   | S18_2319   |             3
 S18_1342   | S18_4668   |             3
 S72_3212   | S24_3949   |             3
 S18_3856   | S700_2834  |             3
 S24_3432   | S18_1889   |             3
 S18_3278   | S10_4698   |             3
 S72_3212   | S700_4002  |             3
 S32_1374   | S18_1662   |             3
 S24_4278   | S18_3029   |             3
 S700_1938  | S24_4048   |             3
 S18_1129   | S18_2325   |             3
 S24_2887   | S18_3320   |             3
 S18_1662   | S24_2000   |             3
 S18_4721   | S10_4698   |             3
 S700_2834  | S24_2360   |             3
 S50_4713   | S24_2972   |             3
 S24_3949   | S24_1578   |             3
 S18_1129   | S18_4933   |             3
 S24_2972   | S50_4713   |             3
 S18_2625   | S12_3380   |             3
 S18_2432   | S32_3207   |             3
 S32_3207   | S10_4757   |             3
 S18_2870   | S24_4620   |             3
 S700_3505  | S700_4002  |             3
 S24_2766   | S12_4675   |             3
 S700_3167  | S700_2610  |             3
 S18_2432   | S24_1937   |             2
 S18_1889   | S10_2016   |             2
 S12_4473   | S12_1666   |             2
 S10_4757   | S700_1691  |             2
 S12_3990   | S32_1374   |             2
 S18_1662   | S24_2011   |             2
 S50_4713   | S18_2325   |             2
 S24_3969   | S10_1949   |             2
 S18_1342   | S10_4962   |             2
 S18_1589   | S18_3278   |             2
 S32_2206   | S32_1374   |             2
 S700_2824  | S50_1392   |             2
 S18_3278   | S32_1374   |             2
 S18_1889   | S12_2823   |             2
 S10_4962   | S24_2022   |             2
 S18_2870   | S18_3278   |             2
 S24_1444   | S32_3522   |             2
 S18_4409   | S18_1984   |             2
 S700_1938  | S24_1444   |             2
 S18_1367   | S700_2824  |             2
 S24_1444   | S24_4258   |             2
 S10_1949   | S24_3969   |             2
 S700_1138  | S24_1785   |             2
 S18_3482   | S18_3685   |             2
 S32_2206   | S18_2870   |             2
 S18_2581   | S12_2823   |             2
 S18_3259   | S18_3232   |             2
 S24_3151   | S18_2581   |             2
 S32_1374   | S12_3380   |             2
 S10_2016   | S18_3782   |             2
 S10_1678   | S24_3371   |             2
 S18_3136   | S24_2887   |             2
 S10_4698   | S12_4675   |             2
 S12_3148   | S18_4600   |             2
 S24_1444   | S18_4668   |             2
 S700_2466  | S700_3962  |             2
 S18_1749   | S18_1097   |             2
 S24_3816   | S12_3891   |             2
 S18_1749   | S24_2972   |             2
 S10_4962   | S24_4048   |             2
 S12_1108   | S18_4668   |             2
 S24_2360   | S24_4278   |             2
 S18_3140   | S12_4473   |             2
 S18_2625   | S72_1253   |             2
 S18_3232   | S24_4258   |             2
 S18_4668   | S24_1937   |             2
 S18_1097   | S24_3969   |             2
 S18_4600   | S18_1367   |             2
 S24_1578   | S72_1253   |             2
 S18_1889   | S10_1678   |             2
 S18_1342   | S18_2432   |             2
 S18_4522   | S50_1392   |             2
 S24_4278   | S32_4485   |             2
 S10_4962   | S24_1937   |             2
 S700_3962  | S24_1785   |             2
 S24_2000   | S24_4620   |             2
 S24_1785   | S700_1138  |             2
 S50_1341   | S10_4757   |             2
 S700_1691  | S12_2823   |             2
 S18_2795   | S18_1984   |             2
 S700_3505  | S24_1785   |             2
 S10_4757   | S50_1341   |             2
 S12_2823   | S700_3167  |             2
 S18_3259   | S32_2509   |             2
 S18_4933   | S24_4258   |             2
 S18_3782   | S10_2016   |             2
 S700_3167  | S32_4485   |             2
 S18_2325   | S50_4713   |             2
 S18_2432   | S18_4027   |             2
 S700_3167  | S12_2823   |             2
 S32_1374   | S12_3990   |             2
 S700_3167  | S50_4713   |             2
 S18_3782   | S24_2000   |             2
 S18_4600   | S12_3148   |             2
 S24_4048   | S10_4962   |             2
 S12_1666   | S24_2840   |             2
 S72_1253   | S18_4522   |             2
 S18_4668   | S12_1108   |             2
 S32_3522   | S18_1367   |             2
 S700_1691  | S700_2610  |             2
 S18_3482   | S24_1578   |             2
 S24_2011   | S24_2841   |             2
 S18_3856   | S18_3259   |             2
 S700_1138  | S18_2581   |             2
 S12_1099   | S700_3167  |             2
 S50_4713   | S18_2795   |             2
 S18_2625   | S18_4721   |             2
 S18_1889   | S32_1374   |             2
 S18_1889   | S50_4713   |             2
 S18_4668   | S24_1444   |             2
 S18_4668   | S18_4027   |             2
 S24_4258   | S24_1444   |             2
 S32_1374   | S18_3278   |             2
 S18_3482   | S18_2870   |             2
 S12_1099   | S24_1628   |             2
 S18_1749   | S10_1949   |             2
 S18_2581   | S24_3816   |             2
 S10_2016   | S12_3380   |             2
 S18_2795   | S18_2432   |             2
 S18_1889   | S32_4485   |             2
 S18_4027   | S700_2824  |             2
 S24_2887   | S18_3136   |             2
 S18_2581   | S700_1938  |             2
 S32_4485   | S24_4278   |             2
 S12_3891   | S24_3816   |             2
 S18_2581   | S700_1138  |             2
 S24_2022   | S18_1589   |             2
 S32_3522   | S24_1444   |             2
 S18_2432   | S18_2795   |             2
 S18_1367   | S24_3432   |             2
 S24_2887   | S18_2957   |             2
 S24_1578   | S24_3371   |             2
 S24_1785   | S700_3505  |             2
 S700_2610  | S50_1341   |             2
 S18_2625   | S18_3782   |             2
 S32_4485   | S18_1984   |             2
 S18_1367   | S18_4600   |             2
 S32_2509   | S18_4668   |             2
 S10_4962   | S18_1342   |             2
 S24_4620   | S24_2000   |             2
 S12_2823   | S18_1889   |             2
 S32_1374   | S32_2206   |             2
 S18_1129   | S18_2795   |             2
 S18_4668   | S18_2795   |             2
 S18_2319   | S18_3259   |             2
 S700_2610  | S700_1691  |             2
 S24_4258   | S12_1108   |             2
 S12_3891   | S24_2300   |             2
 S18_1367   | S24_1046   |             2
 S24_3969   | S18_1097   |             2
 S12_3380   | S10_2016   |             2
 S32_4485   | S18_1889   |             2
 S18_2795   | S18_1129   |             2
 S32_4485   | S700_3167  |             2
 S24_3420   | S10_2016   |             2
 S18_3856   | S700_1938  |             2
 S700_1938  | S18_1662   |             2
 S10_4757   | S24_4048   |             2
 S18_1749   | S18_1129   |             2
 S700_2834  | S32_2206   |             2
 S18_1589   | S24_2022   |             2
 S18_2432   | S18_1342   |             2
 S10_2016   | S24_3420   |             2
 S12_2823   | S32_4289   |             2
 S18_3232   | S18_3259   |             2
 S24_2840   | S12_1666   |             2
 S18_3782   | S18_2625   |             2
 S12_2823   | S700_1691  |             2
 S18_3259   | S18_2319   |             2
 S32_4289   | S24_3816   |             2
 S700_2824  | S18_1367   |             2
 S18_2432   | S24_4258   |             2
 S24_1785   | S24_3151   |             2
 S10_4698   | S12_3380   |             2
 S18_3278   | S18_3685   |             2
 S18_3685   | S18_3482   |             2
 S18_2957   | S24_2887   |             2
 S18_3278   | S18_2870   |             2
 S24_3816   | S32_4289   |             2
 S10_4698   | S18_1889   |             2
 S700_2610  | S18_4027   |             2
 S32_1374   | S12_4675   |             2
 S32_1374   | S18_1889   |             2
 S24_4278   | S50_4713   |             2
 S18_3029   | S700_2834  |             2
 S18_1589   | S18_3482   |             2
 S700_3167  | S12_1099   |             2
 S24_2972   | S18_2795   |             2
 S72_1253   | S10_4698   |             2
 S24_1628   | S12_3990   |             2
 S12_3990   | S24_1628   |             2
 S18_3232   | S24_2887   |             2
 S700_2466  | S72_3212   |             2
 S24_1628   | S24_3371   |             2
 S700_2047  | S10_2016   |             2
 S24_2011   | S18_1662   |             2
 S10_1949   | S18_1749   |             2
 S700_2610  | S32_3207   |             2
 S18_1749   | S18_1984   |             2
 S72_1253   | S24_1578   |             2
 S18_1097   | S18_2248   |             2
 S12_3380   | S32_1374   |             2
 S24_2022   | S18_4668   |             2
 S18_4409   | S18_1129   |             2
 S18_2870   | S32_2206   |             2
 S12_1108   | S18_2319   |             2
 S24_2000   | S18_3782   |             2
 S50_1392   | S700_2824  |             2
 S18_1984   | S18_2795   |             2
 S24_2000   | S18_4721   |             2
 S12_3380   | S10_4698   |             2
 S32_2509   | S18_3259   |             2
 S700_3505  | S700_2466  |             2
 S18_4027   | S18_4668   |             2
 S24_4620   | S10_2016   |             2
 S18_2238   | S700_1938  |             2
 S18_4027   | S700_2610  |             2
 S18_2325   | S18_3685   |             2
 S18_2625   | S24_4620   |             2
 S24_3371   | S10_1678   |             2
 S18_2248   | S18_1097   |             2
 S10_2016   | S12_4675   |             2
 S18_1662   | S700_1938  |             2
 S24_4048   | S18_4600   |             2
 S12_4675   | S10_2016   |             2
 S18_4522   | S72_1253   |             2
 S24_4258   | S18_3232   |             2
 S10_1678   | S18_1889   |             2
 S24_4278   | S24_2360   |             2
 S18_4522   | S700_2047  |             2
 S50_1341   | S12_2823   |             2
 S24_2022   | S18_2432   |             2
 S24_4258   | S24_2840   |             2
 S18_4668   | S32_2509   |             2
 S24_1628   | S12_1099   |             2
 S18_4600   | S24_4048   |             2
 S50_1392   | S18_4522   |             2
 S18_3685   | S18_2325   |             2
 S24_4258   | S18_2432   |             2
 S50_4713   | S24_4278   |             2
 S12_2823   | S50_1341   |             2
 S24_1937   | S18_4668   |             2
 S10_2016   | S18_4721   |             2
 S18_1984   | S18_4409   |             2
 S32_3207   | S700_2824  |             2
 S10_2016   | S18_1889   |             2
 S32_2206   | S700_2834  |             2
 S24_4258   | S18_4027   |             2
 S700_1938  | S18_3856   |             2
 S72_3212   | S700_2466  |             2
 S700_1938  | S18_2238   |             2
 S18_2248   | S10_1949   |             2
 S18_2325   | S24_2972   |             2
 S32_2509   | S18_3140   |             2
 S24_1785   | S700_3962  |             2
 S18_1367   | S32_3522   |             2
 S12_1666   | S18_2325   |             2
 S24_1578   | S18_3482   |             2
 S12_3891   | S700_2824  |             2
 S24_3191   | S18_3320   |             2
 S18_3140   | S18_3856   |             2
 S24_1937   | S10_4962   |             2
 S24_1444   | S700_1938  |             2
 S18_2795   | S24_2972   |             2
 S18_3320   | S24_2766   |             2
 S700_2824  | S32_3207   |             2
 S24_2972   | S18_2325   |             2
 S32_4289   | S12_2823   |             2
 S700_1938  | S18_2581   |             2
 S700_1691  | S10_4757   |             2
 S24_3151   | S24_1785   |             2
 S18_1889   | S10_4698   |             2
 S32_3207   | S700_2610  |             2
 S10_4757   | S32_2509   |             2
 S18_3482   | S18_1589   |             2
 S18_3320   | S24_3191   |             2
 S32_2206   | S18_3685   |             2
 S700_3167  | S24_2360   |             2
 S18_3232   | S12_1108   |             2
 S24_2840   | S24_4258   |             2
 S72_3212   | S24_1785   |             2
 S50_4713   | S700_3167  |             2
 S18_3140   | S32_2509   |             2
 S24_2841   | S24_2011   |             2
 S24_2840   | S18_3140   |             2
 S18_4409   | S18_2949   |             2
 S10_2016   | S24_4620   |             2
 S18_1589   | S18_2795   |             2
 S18_2795   | S18_1589   |             2
 S700_2824  | S12_3891   |             2
 S10_4962   | S18_2795   |             2
 S18_3482   | S10_1678   |             2
 S18_2325   | S18_4668   |             2
 S24_4048   | S10_4757   |             2
 S10_1678   | S72_1253   |             2
 S700_3962  | S700_2466  |             2
 S18_3140   | S24_2840   |             2
 S700_2824  | S24_4048   |             2
 S18_4668   | S18_2325   |             2
 S24_3432   | S18_1367   |             2
 S24_2972   | S18_1749   |             2
 S18_1984   | S32_4485   |             2
 S18_2432   | S24_2022   |             2
 S18_1984   | S18_1749   |             2
 S10_1678   | S18_3482   |             2
 S24_1785   | S72_3212   |             2
 S700_2466  | S700_3505  |             2
 S18_2949   | S18_4409   |             2
 S24_4258   | S18_4933   |             2
 S24_2766   | S18_3320   |             2
 S700_2834  | S18_3029   |             2
 S12_1666   | S12_4473   |             2
 S12_2823   | S18_2581   |             2
 S18_4027   | S18_2432   |             2
 S24_4620   | S18_2625   |             2
 S10_2016   | S700_2047  |             2
 S10_4698   | S72_1253   |             2
 S18_2795   | S10_4962   |             2
 S12_4675   | S32_1374   |             2
 S12_1108   | S24_4258   |             2
 S18_3685   | S18_3278   |             2
 S18_2795   | S50_4713   |             2
 S24_3816   | S18_2581   |             2
 S18_4027   | S24_4258   |             2
 S18_3259   | S18_3856   |             2
 S24_2360   | S700_3167  |             2
 S18_2870   | S18_3482   |             2
 S24_2022   | S10_4962   |             2
 S18_3856   | S18_3140   |             2
 S18_3278   | S18_1589   |             2
 S18_4721   | S18_2625   |             2
 S18_1097   | S18_1749   |             2
 S12_4675   | S10_4698   |             2
 S18_4668   | S24_2022   |             2
 S32_2509   | S10_4757   |             2
 S18_1129   | S18_1749   |             2
 S18_2581   | S24_3151   |             2
 S72_1253   | S10_1678   |             2
 S10_1949   | S18_2248   |             2
 S24_3371   | S24_1628   |             2
 S12_1108   | S32_3522   |             2
 S18_2319   | S12_1108   |             2
 S12_4473   | S18_3140   |             2
 S24_2887   | S18_3232   |             2
 S24_1046   | S18_1367   |             2
 S18_2795   | S18_4668   |             2
 S700_2047  | S18_4522   |             2
 S32_3522   | S18_4027   |             2
 S24_4048   | S700_2824  |             2
 S700_2824  | S18_4027   |             2
 S12_1108   | S18_3232   |             2
 S18_3685   | S32_2206   |             2
 S72_1253   | S18_2625   |             2
 S32_3522   | S12_1108   |             2
 S18_4721   | S10_2016   |             2
 S24_2300   | S12_3891   |             2
 S50_1341   | S700_2610  |             2
 S18_1129   | S18_4409   |             2
 S24_3371   | S24_1578   |             2
 S24_1937   | S18_2432   |             2
 S18_4721   | S24_2000   |             2
 S50_4713   | S18_1889   |             2
 S18_4027   | S32_3522   |             2
 S18_2325   | S12_1666   |             2
(3263 rows)

